Age,Gender,AnnualIncome,NumberOfPurchases,ProductCategory,TimeSpentOnWebsite,LoyaltyProgram,DiscountsAvailed,PurchaseStatus
40,1,66120.26793867800,8,0,30.56860115599190,0,5,1
20,1,23579.773583030500,4,2,38.240096605544200,0,5,0
27,1,127821.3064316500,11,2,31.633211501604100,1,0,1
24,1,137798.62311955000,19,3,46.167058811663000,0,4,1
31,1,99300.96422033320,19,1,19.823591862495600,0,0,1
66,1,37758.11747465240,14,4,17.827492934546600,0,2,0
39,1,126883.38528613500,16,3,42.085383519448800,1,4,1
64,1,39707.35972401290,13,2,17.190291539022100,1,0,0
43,0,102797.30126911700,20,1,6.023474556808850,0,3,0
20,1,63854.92107998210,16,0,38.57246639277680,0,5,1
66,1,66199.99392914610,11,1,1.4155319628243700,1,5,1
70,1,83556.71813301870,11,2,42.173999325776500,0,4,1
54,0,114467.22896914200,9,2,17.626043673393100,1,5,1
64,1,31880.893223130900,17,0,22.753472516233700,1,1,0
19,1,107485.66091127600,7,1,28.26032122753380,1,4,1
70,1,67049.59880892250,2,4,21.895097608810200,0,0,0
51,1,129174.20886637500,13,4,21.808776090014300,0,0,1
18,1,128374.49505188600,0,2,16.768262423676600,0,4,0
57,0,71740.68808408540,12,2,40.69672742492700,0,2,0
20,0,121499.00618889700,12,3,21.240052218659400,1,0,1
59,0,92768.23887298970,3,2,1.037023481078910,0,5,0
19,0,116945.39175506000,17,3,5.953791243356880,0,5,1
46,1,133256.58269419700,7,2,41.685400866460600,0,2,0
22,1,56597.755793940900,16,4,14.827835349994700,1,1,1
31,0,78117.2206948353,13,0,30.353469185591600,0,1,1
62,0,108227.09436743300,18,3,10.39038595563600,0,2,0
67,1,102252.54423731800,14,1,44.49593419070700,0,5,1
66,0,97875.7963295496,17,1,54.593550364371800,0,2,1
67,1,23792.06927388440,15,4,28.64750679716910,1,5,0
48,1,138727.3031849110,9,0,13.71525859531840,0,2,0
52,1,42589.00710764670,1,1,3.626033317294110,1,5,0
63,0,80023.09869570550,11,2,44.969247684174000,0,0,0
36,0,144947.6131029870,12,1,26.151565326802100,0,4,1
37,0,101842.50059592600,16,3,17.34032246935200,0,1,0
25,0,139395.43617890300,1,0,1.64978814180084,0,2,0
40,1,107419.86474325400,15,2,28.881975329587500,0,5,1
53,1,93069.46327233420,12,3,44.39322491166160,1,0,1
30,0,52154.24105648080,15,1,18.966868159931600,0,2,0
66,0,124009.22593089100,7,4,52.24461701636440,0,0,0
43,0,48046.28829293900,5,2,29.539116111052100,1,0,0
43,1,43303.22954801270,13,3,2.7576397379247100,0,5,0
68,0,64874.98710424740,9,1,42.14942186169410,0,4,1
59,0,123832.8449150950,7,2,49.28016124284290,0,1,0
45,1,99978.52697003140,15,2,40.62795362887600,1,0,1
50,1,57327.93455099480,20,1,30.655176821654000,1,3,1
61,1,114517.37901000100,12,1,30.98195957429380,0,0,0
62,0,67931.93221242340,11,4,58.26272557298130,0,5,1
53,1,67808.71561404770,17,0,32.09595923306130,0,5,1
18,1,129969.78715810500,14,1,15.87649339449770,0,4,1
47,1,104216.2679787690,13,1,56.84931579392200,1,4,1
52,0,40534.12696859520,1,1,54.28825075264440,0,2,0
25,0,29263.374609483600,2,3,13.278256041186000,0,4,0
18,1,38570.537349109000,5,3,23.847516844005000,0,5,0
40,0,33711.580994362000,16,4,11.79069013105150,1,4,0
22,0,32401.90605071740,10,0,42.616025841453000,0,3,1
35,0,80147.82865850120,12,2,40.97033790015840,0,0,1
32,1,90421.62561330050,15,3,58.75625381107410,0,0,1
42,1,108080.49476966400,9,1,21.041864490295600,0,3,0
47,1,75279.6641069002,8,2,51.850939535977200,0,4,1
31,0,95411.5485070291,12,0,57.810606416504200,1,2,1
33,1,26258.568677185900,19,3,12.922775229104700,0,5,0
23,0,118155.45073701600,16,2,1.4036041407534500,0,2,0
52,1,116034.00959445400,0,4,21.42040150970010,1,3,1
66,1,118928.7988036520,16,1,41.05435289413830,0,2,0
55,0,56724.488576470800,15,0,54.99486114049870,0,4,1
59,1,77136.51952227830,6,3,54.91870112898600,0,3,1
62,1,62288.367422994000,8,0,11.599760984373900,0,0,0
40,1,124336.13834537600,10,2,6.458480649802570,0,0,0
57,1,56722.23671701350,1,3,7.736843033990800,1,1,0
45,1,101410.4617847380,19,4,25.433759360166800,1,2,0
33,1,53837.29148358040,16,4,18.611092786422800,1,4,1
70,0,119425.2741173890,4,3,45.35588065466810,0,5,0
43,0,86607.29108095280,14,4,40.27337953693160,0,2,0
42,1,25069.481634738500,15,1,1.7973048960647700,0,1,0
43,1,66806.56056712720,20,4,55.59200349279620,1,0,1
65,0,36226.70581569030,12,4,30.7072971665818,1,1,0
68,1,118640.91298845200,13,2,11.475917263080100,0,5,0
40,1,118450.32692747700,9,3,43.45517426021220,1,5,1
64,1,118052.2737586710,11,3,56.20920642994850,0,3,1
24,1,22837.041580813600,17,2,18.841348677931400,0,4,0
22,1,86465.81008609770,20,2,53.63147275237200,0,3,1
40,0,98472.83607271880,20,0,53.05186978022510,0,2,0
25,0,44363.55273268570,4,3,7.011613484321620,1,1,0
68,0,41751.76952013790,19,3,14.812057233267800,0,3,0
68,0,55711.49595622600,15,3,22.18104531667660,0,5,0
43,0,33234.4787834398,20,1,51.35446763895060,0,4,0
23,1,39149.395756266100,2,1,26.425538854581300,0,4,0
26,1,107636.93841968800,1,2,14.377319387003300,0,0,0
35,1,70116.54761579990,4,4,40.45158220897570,1,2,1
70,0,85814.58773437640,19,0,13.078447783049900,1,0,0
31,1,67812.17840829990,6,3,49.3060618126673,0,1,1
43,0,118837.67700587800,3,1,8.367334537449440,1,0,0
43,1,69986.47259382560,19,2,55.46726532853660,1,4,1
27,1,103956.91021724300,2,0,32.59243202976030,0,1,0
36,1,144485.53196089600,19,2,31.01282450303320,0,4,0
31,1,115923.0374129990,2,1,35.61813901907320,0,1,0
58,1,111633.23130564000,8,1,44.237461899072500,0,5,1
47,1,49291.20089366060,13,4,1.2872360516746900,0,4,0
29,0,64518.237248512700,6,3,54.11842213489500,0,1,1
44,0,114377.38829808800,16,0,5.619798558293890,1,5,1
54,1,90906.14302289770,3,1,51.63019657657260,1,0,0
24,0,98084.63865128630,19,0,4.63880043363649,0,0,0
54,0,28320.825059120700,3,1,47.31540333628750,1,4,1
55,0,29911.09833656340,15,2,34.0233287197705,0,5,0
29,0,149326.50821557400,20,4,3.5625680769026100,0,3,1
23,0,142681.2070666290,12,2,25.50042481679640,0,2,0
25,1,65146.01507396600,6,1,38.490247321475300,0,4,1
54,1,113399.0131519320,11,0,29.652213307895400,0,1,0
18,1,26716.933815534900,6,3,29.218736383151500,0,0,0
34,1,145241.27644776200,10,2,28.629734895926700,0,2,0
62,1,93492.9330943093,0,0,26.36083551484620,0,3,0
70,1,59135.99011846070,5,3,18.858073412346500,0,0,1
58,1,90382.98895518610,5,3,41.27335750709700,0,2,0
36,0,29825.869801028700,5,0,42.942765497172000,0,4,1
23,1,20017.51009058310,5,3,23.93181028958610,0,5,0
52,0,22722.844934018700,18,2,50.149021572523100,0,3,0
33,0,96410.01691208580,14,1,21.25928958489980,0,0,0
47,0,43065.7400310619,7,0,17.226461576780100,1,2,0
40,1,36167.89187006630,20,0,49.71060206951390,0,2,0
52,0,69898.28375129570,12,1,43.32499366971540,0,4,1
57,1,112561.8226430020,8,0,18.0590663867069,1,0,0
64,1,132261.17792689100,13,3,35.30578292778880,0,1,0
43,0,45897.9857362269,1,4,24.79849399655480,0,2,0
41,0,70461.54179650940,11,2,40.9832109259442,1,1,1
65,1,26529.38149031660,18,3,6.586178439782910,0,4,0
68,1,30007.330718445600,19,3,9.673882339086940,1,5,0
19,1,24590.47614223110,1,3,14.971057541914600,0,5,0
38,0,115929.2611360230,20,3,44.229310848377600,0,5,1
53,1,30017.576287463100,14,3,35.352009479352600,0,4,0
64,0,112523.96474698600,9,4,16.40067510061500,1,4,1
70,1,86224.87665947270,13,0,56.322026176378900,0,2,0
21,1,36652.447027606,16,4,44.28492758150250,1,2,1
58,1,143569.03683620600,20,1,53.43604449201500,0,4,1
56,0,95610.89808859520,5,4,35.65351968333870,0,1,0
32,0,88939.27732239060,18,1,31.73226117934010,1,1,1
18,1,34941.28961774370,4,1,51.11840136578480,0,1,0
22,0,37476.56682305580,2,1,13.2883828340592,0,3,0
64,0,130545.2401455860,18,2,40.64659213769600,0,3,1
68,0,21910.140525144,10,1,27.688829270244300,1,1,0
39,0,126226.65846202600,19,2,20.842177570411200,0,3,1
44,1,121888.77952293400,18,2,23.253548715270400,0,2,0
70,1,86446.78810083990,2,1,27.178385374750400,1,2,0
50,0,136101.72667540400,13,1,55.206090983450800,0,2,0
43,1,114767.53801525600,12,2,50.4096027952493,0,2,0
25,0,72231.24408506220,0,2,16.826771176416300,1,3,1
60,0,54492.39788221070,14,2,18.105560995348700,0,4,0
65,1,55499.20529646560,20,4,12.778099651935100,0,5,0
31,0,51356.18948794040,13,4,32.94039566537180,0,1,1
52,1,149123.1520049850,8,3,47.40842477905890,0,2,0
38,1,56530.58485813280,9,3,43.55224358243610,1,5,1
57,1,79069.05349279490,8,4,43.22162230133540,0,2,0
55,1,37596.030696099100,18,1,42.4228714461853,1,4,1
40,1,31322.059683450300,20,1,9.333378183566880,0,2,0
65,0,57988.36996004670,5,0,49.279730056923500,0,3,0
46,0,84195.82525940070,12,1,13.355642578489400,0,3,0
43,0,101042.77456072700,14,4,1.596751467989310,0,5,0
28,0,114836.06972481200,20,1,4.1215385629692000,0,2,0
49,1,135205.45146046000,20,3,6.459184707636430,0,0,0
32,1,58387.764226232600,15,1,36.43579112204380,1,5,1
69,1,120245.96606074500,13,4,33.5869683450824,0,2,0
40,0,136232.2593293230,0,4,4.728108477196460,0,3,0
34,1,102069.98190195900,16,4,41.1183308952732,1,5,1
26,1,107903.08306980600,7,2,20.97806251764530,0,1,0
68,0,102507.2655230120,6,0,52.12061273169350,0,1,0
64,0,72985.9471145962,1,1,50.15830792734180,0,4,0
44,1,85798.44216923170,9,0,20.955627071719800,0,3,0
18,0,29053.349261112700,17,1,35.68623716879410,0,3,1
47,0,73287.63566051750,9,0,57.5859702946618,0,3,1
53,0,55997.58335911520,17,2,13.401326154411900,1,1,0
50,1,76422.5176026038,12,4,15.679026761435700,1,4,1
51,0,85052.14894232620,12,4,30.481310586691300,0,4,1
33,0,79662.26715758660,4,4,36.7930302567762,1,2,0
53,1,21575.700703706100,10,4,59.90080663768640,0,1,0
52,0,79310.74616422050,3,2,11.409946457750700,0,0,0
27,0,145689.9149739070,18,4,22.548447649156000,0,3,1
40,0,30850.331048619800,7,3,35.510922744744600,1,4,1
39,0,98812.88190762710,3,2,46.30470545438900,1,5,1
20,0,76422.72645213870,13,4,41.938715583975300,1,1,0
69,1,41411.82594619850,16,3,37.80087983916820,1,5,1
57,0,86801.08034687980,7,0,24.02698661112510,0,5,0
52,1,34798.99115195820,5,1,6.524340706684130,1,1,0
31,0,122381.3811616410,1,2,42.81915662946310,0,4,1
56,1,48679.553852457500,17,1,10.110529694813600,0,3,0
45,0,103533.4759395750,5,3,27.53094165383950,0,4,0
53,0,99329.26943209340,3,2,54.79194305215630,1,0,0
38,1,30549.39320971110,0,0,54.249984775734200,0,2,1
21,1,82574.73971259210,9,0,24.667730200016100,0,0,0
37,0,122519.94540741300,5,3,21.341416247092600,0,5,0
66,0,41090.34275172230,3,1,16.37983430669500,0,5,0
54,0,97162.92159924220,11,2,32.24478816204780,1,1,1
36,0,123789.44426738600,2,1,54.07125314068230,0,5,1
21,0,73640.83931032110,3,3,31.359145630549600,0,3,1
47,1,58647.802739953400,6,0,47.64348560877820,0,5,0
24,0,94343.39525953430,2,3,40.19602262973530,1,2,1
32,0,134714.12789295400,7,1,16.707658588429800,0,2,0
22,0,147050.02803889500,2,0,29.455188115776400,0,2,0
50,0,81923.64532914280,5,0,33.09776795238000,0,4,0
27,0,120479.79264389500,19,2,15.743368779423100,0,1,0
43,1,147283.6419419700,12,0,48.014832646295300,0,3,1
22,0,87622.08600039770,2,1,24.942913439816000,0,2,0
48,0,35383.70482004040,10,1,53.03655775329580,0,3,0
66,1,141127.98352626600,0,1,1.1288644285776800,0,3,0
41,1,108740.23875904200,8,1,37.69854213972990,0,0,0
58,1,122052.1506988170,17,4,21.254757182548700,0,2,0
39,1,106829.59984447200,9,0,44.36654279720080,0,1,1
68,0,63219.300429332600,20,2,55.69324544598310,1,4,1
63,0,73773.54773942260,7,3,4.540483362751700,1,3,1
27,0,56955.632080577200,3,1,50.36705148248340,0,0,0
66,0,60536.09730108380,16,2,55.95726056320420,1,0,1
42,0,42778.830373757600,17,3,59.98534224231360,0,3,0
44,1,126873.41087802900,7,4,23.24345500556590,0,4,0
70,0,115856.42006041400,9,2,19.042997165736200,0,3,0
39,1,84715.62604445770,9,0,56.511699782187800,0,4,1
49,0,118377.69573952300,19,4,7.829842728533150,1,5,1
38,1,101457.02644211700,14,4,57.65286627058670,0,3,1
61,0,109107.7048188470,13,2,4.43483321244504,1,4,1
23,0,97095.76344428190,13,4,24.56650446282040,1,3,1
43,0,63450.981430487900,13,3,3.029789298754040,0,1,0
36,0,44193.18432001610,17,3,11.49515946533550,0,0,0
69,1,125530.07245171800,14,1,25.985438545710600,1,4,1
29,0,145204.9645065930,4,4,47.2720066590963,0,4,1
54,1,142288.30186499400,15,3,9.585520722858070,1,5,1
66,1,124832.47024026900,11,3,39.3566801817336,0,3,1
42,0,109457.51179125000,1,2,5.176694724659290,0,4,0
50,0,37571.61759012700,13,2,28.35370238626350,0,2,0
21,0,76396.26454494890,18,2,52.572437963524000,1,5,1
35,0,20996.324244399300,0,2,15.222796405547500,0,4,0
19,1,28862.400220114200,19,3,49.6770838294252,0,4,1
45,1,135727.95034270300,14,2,40.91185646605230,1,0,1
40,1,116574.59417683200,10,2,5.501844796270690,0,4,1
18,1,61002.896447241700,0,2,46.83673114408750,0,1,0
27,0,106996.03418195000,1,4,58.884759846297100,0,5,1
23,1,23035.77252266420,17,0,53.429884716354500,0,2,0
64,1,62207.87049570780,2,0,41.9379265506682,0,0,0
42,0,76224.72418291720,9,4,24.479660436464700,0,4,0
38,1,30519.506796662800,4,4,59.89379455227140,0,3,0
45,1,129459.811875708,1,2,41.45345320664680,0,3,0
25,1,60735.22928606860,8,4,21.583354579712100,0,5,1
32,1,51451.11844101880,4,4,32.86467999340960,0,4,1
18,1,118931.03005440100,1,2,33.43139220573810,1,0,1
48,1,146863.58813830700,6,0,17.759444953385300,0,2,0
20,1,59303.32241569420,18,1,6.569451078327690,0,4,1
39,1,140524.38175159600,13,2,53.38243743297990,0,5,1
57,1,79069.05349279490,8,4,43.22162230133540,0,2,0
28,0,53070.90550944010,0,1,18.854767792796500,1,2,0
70,0,126922.47327246700,12,2,41.176244192811,1,4,1
43,0,89293.75274199820,10,4,57.24566595985670,1,4,1
70,0,123568.5816348780,5,3,31.13029608238380,1,0,0
18,1,24995.42536510230,15,3,30.336522506179700,1,2,1
59,1,86588.84970564770,6,1,3.8366591407005600,0,2,0
38,0,144269.4477641920,17,1,34.15493848960110,0,4,1
68,0,134789.1972278710,3,0,5.462191466238420,0,3,1
65,0,65922.68310526830,15,3,34.861819031256000,1,0,1
50,0,113878.62060926800,15,0,32.954218445110700,0,5,1
22,0,29992.069785901300,1,1,26.428284486774200,1,4,0
48,1,130295.29928176800,19,3,57.51681246722330,1,2,1
52,0,46909.03519699550,7,0,30.447410828348800,0,3,0
65,0,100913.77340358000,17,1,56.92394307794510,1,4,1
53,0,55985.86001286980,15,3,53.24800717155230,0,5,1
51,1,30094.413507308700,15,1,40.28560820676040,0,1,0
51,1,78415.46646515350,9,1,47.990654402730800,0,4,1
28,0,55151.12722998830,17,1,34.01739448303870,1,0,1
37,1,104411.90219499500,3,4,5.621296253803890,0,5,1
61,0,81997.0138408361,1,3,36.99255738200730,0,4,0
33,0,33082.87220805930,15,2,7.901999736730200,1,1,0
61,1,28540.33166406760,3,4,40.104358231876200,1,0,0
57,0,135943.3788253960,9,4,13.191947908610600,0,3,0
18,0,86356.22357055020,11,1,35.40099338090650,1,0,1
25,0,111342.39050111700,18,1,44.992071618709600,0,2,1
43,1,147555.02879133500,17,4,52.52534152220600,0,5,1
68,0,136365.30629185000,6,2,2.947704218119310,0,0,0
43,0,101042.77456072700,14,4,1.596751467989310,0,5,0
30,0,130105.95104691800,16,2,27.17509917911580,0,1,0
50,0,41425.926044826800,6,0,29.865092824238700,1,2,0
56,1,115264.20081961300,6,1,57.21722896106450,0,3,1
24,1,142778.31575025900,19,4,45.54856447415480,1,4,1
67,0,110024.06746699900,8,3,31.66141683787220,0,5,1
50,1,109555.08926651200,20,0,1.2184420031125900,1,3,1
30,1,64611.75591244560,12,1,40.71356953934720,0,2,1
56,1,87768.48619503810,4,1,22.018743781623000,0,3,0
60,0,84072.39597816810,4,4,23.197533323310300,0,2,0
57,1,57765.58573728470,9,3,30.354229645619700,1,3,1
30,0,55902.04251671690,19,1,25.268487129543000,0,4,1
35,1,126987.89465543000,6,4,44.661050209334600,0,3,0
29,1,67976.89282891920,16,4,57.398287170902800,0,3,1
37,1,125816.13503578200,14,4,27.322806130973000,0,4,1
22,0,115866.38993379300,16,4,37.65236529832990,1,2,1
27,0,90753.0155947807,20,2,51.66636951094190,0,5,0
43,0,144286.12866955100,5,4,38.391491144229800,0,4,0
29,0,127092.74994876800,7,4,55.96789573578210,0,3,1
49,0,97118.80411396000,0,4,52.05237899286050,0,1,0
34,1,58300.52152500510,17,3,9.100899133354660,1,1,1
29,1,116187.53569970100,2,1,56.77311537484660,1,3,1
40,0,87520.16173551190,15,0,50.80696785362080,1,1,1
25,0,40658.061797016000,18,3,4.287951156358080,0,4,0
51,1,61286.28338394520,4,0,15.05435669306140,0,0,0
32,0,113515.97090799100,5,0,55.13514878118430,1,2,1
48,0,38537.23873064810,3,4,4.6842122234615200,0,0,0
36,1,117347.42380523000,16,2,12.308607810986200,0,3,1
65,1,55499.20529646560,20,4,12.778099651935100,0,5,0
38,0,66615.19999823350,14,1,27.072562853756600,0,2,0
42,1,27417.11374966310,19,1,52.26858719623290,0,0,0
58,0,85760.85008373780,18,3,27.507198270442300,1,1,0
53,0,29230.996389323200,19,1,30.10356881297500,0,0,0
50,0,41425.926044826800,6,0,29.865092824238700,1,2,0
50,0,90082.29185568110,11,1,46.92201451498600,0,3,1
56,1,48679.553852457500,17,1,10.110529694813600,0,3,0
29,1,38095.571174940400,14,3,49.689671332478700,1,4,1
23,0,126812.79670236100,15,1,17.17567822266570,0,1,0
30,0,35795.178919119300,18,0,4.226897299999790,0,1,0
40,1,36414.41640338540,8,1,48.522510699394600,0,5,0
66,0,143685.8753470380,14,3,52.594031093734900,0,2,0
33,0,79564.29527592600,3,0,26.970639393134400,0,5,0
42,0,46061.68701869240,5,0,9.289930883407000,1,0,0
20,0,44443.215500004100,9,2,11.46373033792480,1,0,0
25,0,40658.061797016000,18,3,4.287951156358080,0,4,0
67,0,80311.07898560330,18,1,32.979597110316400,0,5,1
54,0,120704.95905355400,15,4,30.110995324390300,1,1,1
46,0,38573.87497412350,9,3,58.25587438416180,0,4,0
42,1,35626.93978567490,19,2,54.63469003090720,1,0,0
30,1,131433.30340983800,1,4,8.40934405989948,0,0,0
50,0,74383.40233329640,13,1,52.09536825015690,0,2,0
21,0,85774.52800554110,9,2,44.50500534980960,0,1,1
67,0,73836.86782876050,0,3,35.36949286900340,0,1,0
38,0,132143.26124939300,14,0,42.5463578154867,0,4,1
64,1,74941.7956117692,2,3,49.6318111694496,1,2,0
48,1,66830.40944405560,0,0,17.919245775915100,0,3,0
58,1,133454.93256299800,5,3,58.95310759526030,0,3,0
46,0,50866.35088872480,19,0,59.7415245177397,1,0,1
68,0,104526.14201176000,8,0,42.272521199315900,0,0,0
66,1,117249.51332583900,3,4,7.326121258300760,0,2,0
56,1,106914.44407397900,13,1,58.352680792998900,1,0,1
65,1,131818.16013542700,0,2,14.021245412334800,1,1,0
24,0,35990.42836608690,11,1,3.1960805695904200,0,2,0
20,0,53787.64730156830,12,1,36.51689982549270,0,3,1
45,1,145322.2629253010,16,3,34.37060813713460,0,0,0
40,0,71551.97865869520,10,3,32.60394364195860,0,3,1
49,0,87170.79007941480,3,4,11.359206880442400,0,0,0
61,1,33701.11835401470,6,0,27.852329630933400,0,2,0
36,0,42558.186948246100,9,1,14.157579588490200,0,2,0
56,1,59513.0321612941,15,2,11.061744884995300,1,3,1
64,1,145821.80452985400,1,0,16.27873469647350,0,1,0
25,0,79992.07040121540,20,3,18.696370898085800,0,1,0
29,0,92161.04340929720,12,4,3.725592508896100,0,5,1
26,1,57555.04205819150,7,4,44.99829028720020,0,2,1
66,1,69452.07136615330,12,0,40.177948953567700,0,1,0
46,0,20001.5125181976,4,2,8.372437398957060,1,4,0
56,1,29250.577072546300,18,4,3.9420100131565500,0,2,0
44,1,23308.208787747600,1,0,7.047283422163560,1,1,0
35,1,134345.6411436990,6,0,3.189685877775830,1,4,1
28,1,119388.6133051130,4,1,39.275373193668300,1,5,1
36,0,51446.19767364910,6,3,3.0443918790270100,1,2,1
26,1,26806.15262437140,17,4,20.847229680771700,1,2,0
31,1,79500.94867070820,16,1,43.15917841949620,0,2,1
41,0,40809.312544094500,20,1,47.69041222825030,0,1,0
21,0,87334.86860263530,4,4,33.49073899676820,1,4,1
56,0,21317.05392360660,7,1,24.050918688956000,0,4,0
39,1,91438.8396663522,3,2,56.86593158412040,0,1,0
66,1,111592.07564356800,2,2,27.29581562455800,0,5,0
62,0,139460.4493731420,10,2,21.16318169722970,0,0,0
41,1,119377.29464981600,18,4,33.798809007384900,0,3,1
32,0,79756.43315234600,6,3,23.89544998139650,1,3,1
62,0,139162.58065935700,14,3,40.20100340896800,1,4,1
46,1,22494.995986997400,14,3,56.91996789485300,1,1,0
48,1,122216.1659199240,19,0,8.17471030153537,0,2,0
59,0,130046.86402973600,10,4,26.06221714992700,0,3,0
45,1,65808.74305925510,14,1,22.164894153219800,0,5,0
53,1,95890.46146683450,2,3,31.538368438174700,1,0,0
43,0,145903.5410872700,1,2,5.191207862797130,0,4,0
41,1,66214.09135737650,20,4,4.206537802570770,0,0,0
38,1,39662.08773554150,16,1,58.39780536094130,1,1,1
54,1,21152.227064751000,7,3,44.37982176210080,0,1,0
49,1,21213.11057752210,11,0,18.67382285727890,0,3,0
34,1,121447.51539089500,17,2,58.37882724238610,0,5,1
64,1,21177.041005448200,3,3,27.881911305956800,0,3,0
60,0,137318.92994715900,11,2,10.982980048957900,0,5,0
35,0,39506.32641021800,18,1,17.7440786394514,1,4,1
63,0,116261.89715395700,12,4,44.07768107880910,0,4,1
41,1,52288.91384807400,5,1,6.9752913060293800,0,4,1
37,0,133095.99075419900,14,4,16.15794279684530,0,2,0
53,0,134440.9190793610,4,2,11.344720241234700,0,4,0
37,1,38292.498646338600,9,4,49.334818514042800,0,0,0
54,1,81098.47486053180,6,0,16.521721765527300,0,3,0
66,0,84161.05544421540,12,1,53.746424677091600,0,0,0
37,0,70632.64633731470,20,0,27.09779202496270,1,4,1
59,0,130046.86402973600,10,4,26.06221714992700,0,3,0
49,0,55204.82264480640,11,0,15.674798233646900,1,2,0
43,1,144512.67412846700,18,0,46.98949799618720,1,1,1
61,1,124930.21985743500,13,4,24.029220976431700,0,5,0
58,0,104626.55072962400,1,1,59.88066987793740,0,3,0
37,0,65154.632413649500,10,4,28.063601824384800,0,1,0
51,1,96466.29470329080,3,4,39.81901966111590,1,3,1
45,1,79846.57525625040,3,1,17.280980861274100,0,1,0
42,0,91351.62646005630,6,1,29.413759272942400,0,3,0
21,0,46342.242437594600,0,0,35.046778668316500,0,2,0
19,1,105381.41361415800,14,3,34.479149273370500,0,5,1
41,0,45868.97806472680,6,3,48.91859565027230,0,5,0
56,0,99951.68584505270,13,2,33.19445123314950,1,4,1
25,1,28581.279738231400,12,2,52.575966367442000,1,1,1
39,1,32791.43446274170,18,2,1.137080961783890,0,1,0
59,0,65232.38350568170,11,1,35.29794016377820,0,0,0
28,1,35405.3410677597,11,0,53.44245080521180,0,5,1
46,0,32041.312796677700,16,1,51.422522521520200,0,2,0
61,1,64964.069895921500,15,4,27.222016502618400,0,4,0
69,1,127377.16765205100,12,1,27.625825453480800,0,4,0
60,0,28128.418446569900,18,0,10.839091863488800,0,2,1
66,1,23405.572109168400,2,1,38.295087193023400,1,4,0
55,1,102467.27955331900,4,3,26.881398549863000,1,4,0
50,0,32201.447027036300,16,2,32.43798080471230,1,3,1
21,1,115369.86947298200,10,2,45.434011983600800,1,0,1
19,1,120009.63617337400,9,0,43.91969108588110,0,5,1
43,0,57392.254775678200,10,4,41.15344364028220,0,0,0
49,0,53708.57865255060,20,2,52.80072456747990,0,1,0
39,1,32791.43446274170,18,2,1.137080961783890,0,1,0
44,0,86086.8710991164,16,4,28.9704995823636,0,3,0
58,1,95025.9361849817,18,0,10.14551137758850,0,0,0
61,0,134267.25703669500,16,1,7.962355570543120,0,1,0
40,1,144549.55241551900,18,0,38.180330008335400,1,4,1
45,1,79846.57525625040,3,1,17.280980861274100,0,1,0
25,1,111148.14727427200,17,4,51.140713671224400,1,1,1
52,0,107622.58947764300,19,2,48.29082818242550,0,1,0
47,1,146984.04270638600,5,2,15.016040859498400,0,5,0
22,1,51251.8586761559,4,1,46.09084428609430,0,0,0
52,1,93329.6237483573,1,3,53.42346402294460,0,2,0
29,0,62263.52200612090,19,4,4.270546347532800,0,2,0
55,1,58921.42648831860,18,2,13.107985150350200,1,0,0
68,1,98250.04603196710,10,4,40.686016268080600,0,5,1
37,0,44092.92333873290,14,2,43.924649206578400,0,3,1
25,0,114048.21632050000,8,0,24.864972802662700,0,3,1
68,1,121482.12326532200,13,0,4.535584163943810,0,0,0
31,1,58407.82107206460,8,4,52.846044896938900,0,3,1
28,0,91035.94109012020,18,3,20.38765602931070,0,4,1
43,0,113869.22196635600,12,0,16.379037635143300,0,2,0
64,1,31880.893223130900,17,0,22.753472516233700,1,1,0
27,1,78533.05199857570,17,4,40.66467649827600,0,1,1
68,1,104789.15374091100,11,4,44.06548763786350,0,0,0
50,0,92821.86385003950,20,0,51.33456214270400,0,4,1
24,0,113122.04044814900,16,4,58.58907542777470,0,1,1
23,1,38304.383356047900,17,4,55.85771163519970,0,5,1
19,1,68792.88802954830,14,0,4.168127637359100,0,3,1
51,1,34635.45075355180,19,3,8.297760186211880,1,5,0
70,1,44197.666707935200,4,4,16.593685413651500,1,4,0
33,1,58989.48449590800,16,0,43.98958431669710,1,5,1
25,1,94019.05695369680,0,2,9.779714156572390,1,1,0
28,1,90853.49945660200,8,3,14.193144567767200,1,0,1
60,0,139729.28774255500,11,3,31.352693629690800,0,4,1
59,1,126929.52326994600,19,4,43.92621909049980,1,2,1
68,0,136365.30629185000,6,2,2.947704218119310,0,0,0
22,0,37476.56682305580,2,1,13.2883828340592,0,3,0
31,1,139371.08126780700,6,0,38.71843288726200,1,3,1
45,0,67397.1846656802,5,1,18.333873768605300,0,3,0
39,1,75573.65942968000,12,4,49.08590368389270,1,3,1
45,0,147447.93632248400,14,0,23.55200188085500,0,4,1
46,1,133256.58269419700,7,2,41.685400866460600,0,2,0
57,0,68324.12863230460,15,2,51.60808460137570,0,2,0
26,1,29370.96367982750,10,3,14.11468323167650,0,2,0
44,0,86086.8710991164,16,4,28.9704995823636,0,3,0
54,0,90782.70326403420,19,4,5.19553178459277,0,4,0
35,0,55353.46439672200,4,0,5.8191061271148800,0,5,0
33,0,21964.388947881800,9,1,38.83467684615530,1,2,0
28,0,37455.73061729580,1,1,26.306218610128900,0,0,0
61,1,114517.37901000100,12,1,30.98195957429380,0,0,0
65,0,131483.1038959670,16,0,40.58102833311250,0,0,0
33,0,33082.87220805930,15,2,7.901999736730200,1,1,0
31,1,53740.431812891700,9,4,2.041064450537750,0,0,0
63,1,52182.77013638520,7,3,1.9143962677452300,1,0,1
24,0,77225.86973421380,7,3,53.57027929506550,1,1,1
35,0,107883.41744683100,17,2,23.13086491378270,0,5,0
18,1,149785.17648108300,10,0,38.97946857317180,0,5,1
38,1,117653.14621509400,12,4,30.687570856029300,1,4,1
55,0,21290.09674661860,11,4,54.84336138989200,1,4,1
44,1,109312.50464542200,1,1,45.08693214433350,1,1,0
47,0,85081.15484915430,7,3,18.001706850153100,0,0,0
24,1,63426.49553694,5,3,46.15096092290050,1,3,1
28,0,146829.32611178900,6,4,2.277088119472030,0,3,1
46,0,86625.34434014310,7,1,58.83541126117350,1,3,1
48,0,72923.84358633160,12,0,57.310944038943400,1,1,1
37,1,58130.119401473400,9,0,54.21266473318440,0,3,1
20,1,73223.56933621240,5,4,1.8863299768534100,0,1,0
62,0,60458.274358241200,20,3,43.354364252563800,0,1,0
56,1,73059.71981267080,2,4,10.880758942452500,0,0,1
62,1,119959.96167399300,4,3,30.08088084949160,0,5,0
49,0,57370.016436642500,5,3,1.2780331058122300,0,4,1
49,0,52068.25238781100,9,1,28.00688521280660,0,3,0
57,0,86801.08034687980,7,0,24.02698661112510,0,5,0
51,1,22848.732740751200,11,4,49.936303355604800,1,3,0
28,1,72663.35028858360,17,1,58.931931262079500,1,0,1
19,0,118721.77411433500,4,0,13.845769029135200,1,4,1
68,0,27561.29341571190,6,1,7.049222695440280,0,0,0
29,0,77242.04438788540,4,0,38.94059861886180,0,5,1
23,0,39343.47602266500,13,4,36.77678090200010,0,4,1
25,0,79539.44867046430,1,4,4.368590870083150,0,2,0
46,1,135971.0095622310,1,3,20.38566733120540,1,1,0
31,0,78472.00434677190,5,2,36.73947010073510,1,4,1
29,0,87350.23961104600,18,2,45.28210566147050,0,3,1
58,0,148935.29367541700,10,1,53.99064024438590,1,2,1
26,0,58681.298671446700,15,2,52.66542252758030,0,1,1
68,1,111501.42191246300,9,2,38.01153408360550,0,2,0
39,1,55715.09831753750,16,0,55.67326767932530,0,3,1
30,1,36984.804697050200,16,0,48.24735859073300,0,1,0
45,0,126073.10206592000,19,0,31.120695416631800,1,1,1
50,1,138026.84319135100,10,3,48.37919248528080,0,4,1
69,1,53488.938643383800,5,3,47.053790823435500,0,0,0
64,0,131245.8436577520,15,2,43.83761823768600,0,0,0
47,0,112813.84222585700,9,1,45.22724277887860,0,3,1
42,0,41574.136388452100,16,3,31.73204852840320,0,5,0
61,0,137229.05897760500,16,3,57.06811381043470,1,5,1
55,1,103261.88548286000,10,3,42.4371737857627,0,0,0
25,0,58389.19208433830,14,4,2.5278681447196200,1,5,1
42,1,111726.1621436970,14,0,36.80078085345890,1,0,1
45,1,23275.14381469980,19,4,12.837293318647800,1,3,0
25,0,146360.69285210000,7,3,57.77056169684070,0,1,1
55,0,105042.69819163000,6,4,38.23590464564190,0,5,1
64,1,29477.238597827500,6,1,2.9385451666833800,0,1,0
44,1,135999.3247581550,0,3,36.567936443342500,0,3,0
49,1,128815.34628158200,11,1,54.592485404337600,0,0,0
49,1,145330.19414371400,14,1,51.42582744167160,0,5,1
21,1,122561.22133088100,8,1,55.46695399349660,0,2,1
68,1,121482.12326532200,13,0,4.535584163943810,0,0,0
48,0,78661.11474352850,14,1,41.66170321522350,1,4,1
45,1,20203.463674891500,16,0,31.69148185570930,0,1,0
36,1,27611.620801717300,4,4,18.692581838199800,0,2,0
30,1,105610.26703710700,15,0,11.671596941094800,0,0,0
31,0,112716.8948267400,6,2,36.86390662077790,0,3,1
32,0,80002.47167457270,9,2,41.15307930219140,0,2,1
44,0,99108.54545054070,11,0,57.9048052764074,0,3,1
61,0,120938.1680449640,15,2,8.776602963904080,0,4,0
56,0,38271.885785186900,13,4,42.48878730175370,1,2,0
57,0,138251.486526757,15,1,28.80798585219900,1,0,0
26,0,52560.82684302490,16,1,29.145845285581900,1,4,1
57,0,145451.99802908100,6,3,25.405029318934200,0,1,0
67,1,98751.30242884970,19,2,42.201940305484800,0,5,1
66,0,85078.46425011200,1,0,4.869165286151540,0,4,0
36,0,111998.52151631900,15,1,51.67700861015890,0,0,1
18,0,101206.2639510540,14,2,56.89069996578400,1,5,1
25,0,59608.288082745300,15,1,39.59900725971180,0,0,1
48,1,110029.21609982400,16,1,45.138234405361900,1,5,1
62,1,62288.367422994000,8,0,11.599760984373900,0,0,0
61,1,75731.26272823640,8,4,15.374675591389400,1,4,1
57,1,63103.41087873520,3,3,17.947239530515600,0,3,0
58,0,62665.0579692105,7,3,43.18221658955490,0,2,0
70,1,67880.23896589030,2,0,47.12201035128080,0,2,0
37,0,51457.026941215900,0,1,34.70864729334380,1,3,1
64,1,133283.82444481100,13,1,29.48843113399390,0,3,0
62,1,101074.34117773500,16,0,6.4933222339950100,1,5,0
68,1,137935.35399175800,4,2,40.669349617999500,0,3,0
37,0,102019.83272979100,18,2,26.843285984669400,0,5,1
25,1,137252.2255773900,7,1,31.012353090360700,1,5,1
48,1,26647.599587473100,18,0,1.9033246109874200,0,4,0
33,1,109256.68875403900,4,4,48.7528031217798,0,5,1
61,0,88515.39030851470,7,4,38.23191420294300,0,5,1
55,1,103261.88548286000,10,3,42.4371737857627,0,0,0
45,0,71689.60921187320,19,4,23.581022287748500,1,3,0
36,1,100720.71377219600,9,1,22.32774183948690,0,5,1
34,1,95035.9852754916,14,4,7.82073102607922,0,3,1
63,1,136218.66230102300,4,1,13.569083870752600,0,0,0
50,1,22340.852228059100,13,4,26.3041789742879,1,0,0
39,1,103502.31836768000,19,4,47.40383709815920,0,5,1
22,0,132393.2692379470,6,1,44.12961059922950,0,5,1
53,1,37228.207456440300,14,2,52.88014333839110,0,2,0
19,1,46608.41417744690,12,0,31.686809455641300,0,3,1
39,1,136812.8786077290,3,3,12.526178690067900,0,5,0
64,1,39707.35972401290,13,2,17.190291539022100,1,0,0
66,1,69946.87268815400,10,4,30.7308684974554,1,4,1
26,1,107903.08306980600,7,2,20.97806251764530,0,1,0
27,0,33549.224365085200,8,1,30.115319886299800,1,1,1
52,1,56684.31971011600,15,1,54.36271588218710,0,4,1
46,1,35672.59413247970,0,1,25.494184887381300,0,0,0
26,1,128438.79761008800,3,4,7.0714002121780400,0,1,0
19,0,30199.256121226100,10,2,55.99561688705850,0,0,0
55,1,67779.47489789910,20,1,35.969067931929800,0,1,0
21,1,28796.887047000200,14,2,59.76362529694130,0,5,1
53,1,135718.3478614820,3,2,43.73879500388460,0,1,0
33,1,120972.37240417400,20,1,50.07175324700030,0,4,1
19,1,23144.929305876200,19,2,26.68227072707040,0,5,0
69,0,126312.09288140300,2,4,34.832477695984000,1,5,1
18,1,80939.83551038580,12,3,54.96697905988640,0,4,1
49,1,143685.01870992400,9,2,58.42862740298500,0,0,1
69,1,39168.828471816900,6,1,49.002919988674,1,0,0
18,1,93461.09061885830,9,1,24.97797092125870,0,5,1
43,1,145381.9650071060,13,2,24.579822123059500,0,3,0
25,0,143559.69217478800,11,4,31.580804623321800,1,0,1
57,0,147208.31089058800,5,3,41.69959788096060,0,1,0
59,1,129174.29713263000,2,4,12.34843542608100,0,2,0
26,1,110354.57975161200,9,0,43.22841965823690,0,2,1
57,1,132061.88269544100,19,1,31.33939366469270,1,0,1
18,0,42734.58683287470,12,0,56.13787449168970,0,0,0
38,1,138400.121013709,7,3,41.316255395036100,1,0,1
54,0,81267.3317617614,6,3,35.47935937377800,0,0,0
34,0,84570.40496633310,16,1,30.051703793055800,1,0,1
43,1,43981.91290737310,15,2,2.1268527618698200,0,2,0
44,0,105839.35356117400,8,2,59.051925468401700,1,3,1
60,1,95087.13756455050,16,2,42.38045005831600,1,4,1
22,0,87622.08600039770,2,1,24.942913439816000,0,2,0
24,0,135300.23702720500,13,1,7.063326316337130,0,3,1
27,0,20191.596871220500,2,0,35.20851536484100,0,5,0
28,0,29500.60306351200,18,4,24.652045972546700,0,3,0
27,0,41017.28671080500,16,4,22.173252768637700,0,1,0
69,1,46524.632501756800,7,4,11.263692374077300,1,1,0
20,0,111709.90793685300,0,4,30.840597198283400,0,0,1
54,0,140650.87324238600,17,3,33.15395440790110,0,1,0
52,1,78466.17951857020,18,2,15.770075775501800,1,1,0
49,0,105342.21895309500,19,4,27.689638793187600,0,3,0
65,0,129114.0040062800,12,1,57.814521684269100,1,0,1
56,1,25612.585653611500,12,2,27.452441760953400,0,3,0
55,0,115749.57968352300,10,4,7.630776910013380,0,4,1
23,1,107940.83183942700,0,2,59.04036698686970,0,0,0
52,1,99401.40923984990,12,4,43.66037040215950,1,0,1
45,0,46322.472821480900,11,4,46.43125247889390,0,2,0
42,0,37093.58558673760,8,1,46.26947147342220,1,4,1
38,1,30519.506796662800,4,4,59.89379455227140,0,3,0
39,0,71367.01798949540,3,0,36.02526652133430,0,5,1
51,1,28885.91604029460,10,1,48.26867996333440,0,5,0
22,0,112695.98658246100,13,1,40.893282673753300,0,5,1
20,0,119588.42094958900,12,4,52.761274435389100,1,2,1
68,0,132488.4486581590,1,1,1.2881834951948600,0,5,0
29,1,58153.54701705580,16,2,59.991105424697600,1,3,1
52,1,48869.86319013170,15,2,13.878118728108100,1,0,0
36,1,64278.54165556790,19,1,18.873764905515000,0,0,0
54,0,127471.95676639300,7,3,42.75743924871850,1,1,1
54,0,63075.1109233966,14,1,53.06214200018350,0,4,1
39,1,92857.28202745720,18,1,17.408617885674400,0,5,1
38,0,62927.95843329470,19,0,8.907468764820510,0,5,1
53,0,124637.88098938700,5,4,49.434233603167000,0,4,0
36,1,113965.85941710300,10,0,32.4651933850657,1,5,1
46,1,132847.36971396900,5,4,28.37602526358920,0,3,0
70,1,102196.67997289300,16,1,6.83352721709643,1,3,1
35,0,115250.87657673600,13,1,22.019425478784600,1,0,1
47,0,47559.22711082560,17,3,15.200213793827200,0,5,0
69,0,32893.15294633810,15,1,56.19006464246350,0,0,0
52,1,78281.47719802490,6,1,47.98085529362530,1,0,1
61,0,78319.38202409050,0,2,13.021573665146700,0,1,0
39,0,57167.882601090800,3,2,26.428040002044000,1,2,0
65,0,95397.89236565710,19,2,19.047793982429700,1,3,1
56,0,36321.52791914490,14,4,42.01206914080030,0,5,0
68,1,41547.47137662030,10,0,56.025741934195800,1,0,0
70,1,109222.53556919300,20,4,33.69707140928270,1,3,1
38,0,135492.47740012900,19,1,5.977882889871800,0,2,0
45,1,101410.4617847380,19,4,25.433759360166800,1,2,0
52,0,27302.89005516710,20,4,17.094839669290900,0,4,1
43,0,56404.852841563600,1,1,35.422146693501400,1,4,1
57,1,31518.055858350200,5,4,54.70278264303200,0,4,0
18,1,37124.74054909310,19,3,13.847173585207300,1,3,1
50,0,87926.32354112650,19,3,41.6130998699058,0,4,1
45,1,143075.38476004100,1,1,41.78680439077850,0,1,0
51,1,134071.10606508300,6,2,23.843813175200100,0,5,1
27,0,55132.19997700180,12,4,40.22426145226000,0,4,1
45,0,145586.17566672800,13,4,44.05646018284720,0,2,0
19,1,100768.01837644900,11,1,46.00802623844230,0,1,1
69,0,26738.653885564800,14,1,32.23404665950450,1,4,1
21,1,120794.99955240800,10,0,7.630770005200020,0,2,0
67,1,38456.358668929200,18,1,51.337372923210200,0,0,0
23,1,75968.81400008700,11,3,31.0242300552805,0,1,1
32,0,124770.30201529100,5,4,47.55667058727660,0,0,0
44,0,135525.68043450200,3,0,13.961245869173800,0,3,0
65,0,143121.7867241080,19,2,59.53241111089000,0,2,0
64,0,63577.04615821350,20,4,25.65515580043900,0,4,0
19,0,149523.46389154200,5,3,13.579031951959000,0,4,0
51,1,61286.28338394520,4,0,15.05435669306140,0,0,0
26,0,129928.56718868800,9,1,28.90644502819100,0,3,1
48,1,129069.6526033410,7,3,43.19306983185940,0,5,1
66,1,72194.26106196750,7,0,58.80840858747540,0,3,1
51,1,22848.732740751200,11,4,49.936303355604800,1,3,0
31,0,102692.4860332410,0,0,40.28401883145990,0,5,1
20,1,22001.3359198701,7,1,23.36134415751380,0,4,1
55,1,95460.78812918050,20,3,48.540071179306500,0,5,1
61,1,79579.08339872530,5,2,3.452031048063260,1,4,0
54,0,50209.96199728620,2,0,4.68630592011143,1,1,0
20,1,69051.34701521510,4,2,6.361715763809250,0,2,0
36,1,52616.09593984330,15,3,18.275959137493000,1,5,0
62,1,77920.41303644580,20,1,24.278516627601000,0,4,0
63,0,71874.59129351650,10,2,43.54624261077120,0,1,0
61,1,114703.78803101000,14,0,14.350362714484600,0,4,0
69,1,98875.12421326670,4,0,2.2424092298228800,0,5,1
22,0,112331.5638210310,13,1,54.26921338249690,1,1,1
68,1,103955.40564517700,7,0,11.15965128599440,1,1,0
64,0,91064.2686244125,7,0,5.52072171753996,1,5,1
27,0,52903.200093349100,3,0,8.81566828705343,0,3,0
20,0,83318.04944646170,2,4,16.050512537110400,1,0,0
38,1,27511.472929527700,4,0,9.241849983573380,0,4,0
47,0,85963.55203331520,5,0,37.0446568615252,1,0,0
50,0,29330.854809446700,7,2,45.47232392065810,0,2,0
59,0,115477.71116982700,18,2,49.05934751469670,0,4,1
70,1,124576.83699833600,3,4,8.41132117621792,0,1,0
57,0,138251.486526757,15,1,28.80798585219900,1,0,0
33,0,92992.99643473810,11,0,29.504944088364500,0,3,1
37,1,112875.14132926100,1,4,20.06846074158530,0,1,0
28,1,20496.589945615800,9,2,36.85345282199790,0,0,0
30,1,55849.7838726764,5,0,55.04016278815810,0,4,1
18,1,87934.95791377690,6,0,59.96860575795220,1,4,1
66,1,99768.53485086960,3,4,29.957807774814500,1,1,0
19,0,124905.51381491900,13,3,48.69311152738640,0,2,1
27,0,146299.2498171370,8,1,1.5906142229890500,1,5,1
43,1,25514.89876689590,20,4,57.76955670040150,1,4,1
64,0,98493.4088834204,5,0,24.97869391912610,0,1,0
65,1,141786.92006430200,11,4,56.081246904394700,0,1,0
40,1,56238.78341389190,2,3,19.349413216582400,0,1,0
25,0,75390.83990574830,20,2,2.4740608546291200,1,0,1
35,0,132680.14608578000,13,0,43.77094065365750,1,5,1
26,0,82665.33755457070,11,1,34.729053822634600,0,3,1
23,0,85899.6569350385,13,2,10.258119050196400,0,2,0
45,1,147010.90407706300,2,4,52.76703337831370,0,3,0
34,1,111921.24204467100,11,3,3.9260169849850800,0,3,1
54,1,120311.498427219,9,0,51.22440887436160,1,2,1
36,1,130992.03982160700,16,3,50.00751011647930,0,1,1
67,1,119033.76487910100,12,0,41.7200931656556,0,2,0
21,1,38492.417929335500,15,0,30.14476979927110,1,2,1
64,0,35098.06482606830,7,4,12.47334763175650,0,5,0
23,1,21434.064375724100,18,3,52.30737100620340,0,2,0
54,1,66425.75070906540,3,4,40.202588768502300,0,0,0
64,1,74941.7956117692,2,3,49.6318111694496,1,2,0
50,0,137836.86893477300,9,2,54.02139439160720,0,1,0
62,0,76169.99478274550,12,3,10.731107584311100,0,4,0
32,1,143039.34670955300,12,2,36.29306249637320,0,2,1
66,0,130794.3036708540,16,3,23.61988395428790,1,4,1
19,0,149570.59100088700,19,2,21.76385647317480,0,2,0
64,1,146645.27769612600,15,1,49.29700059201340,0,2,0
54,1,66425.75070906540,3,4,40.202588768502300,0,0,0
21,0,71115.37613362990,10,1,36.259178265015200,0,4,1
52,0,87393.04285287650,2,4,46.699752907287500,0,2,0
65,1,141786.92006430200,11,4,56.081246904394700,0,1,0
40,0,91234.73356658010,10,1,50.46557864743920,0,1,0
29,0,96782.9184193029,6,0,48.75622181930610,0,5,1
62,0,89021.8981935722,3,3,30.679581105864300,1,3,1
25,1,63184.8343050286,16,0,9.158707230880120,0,0,0
25,0,79539.44867046430,1,4,4.368590870083150,0,2,0
47,1,125446.09009135100,4,0,16.096479907920600,0,5,0
31,0,59425.76918378740,8,3,44.47276088933870,0,3,1
50,0,64894.45379183540,18,4,26.483193337603900,1,1,0
32,0,144744.96376173400,18,1,58.02697619475350,0,5,1
66,0,59379.04474831500,10,0,32.29502899930730,0,1,0
41,1,27356.13529907300,15,4,39.25883993670470,1,4,1
56,0,29322.54555019460,16,4,44.93122158182150,0,2,0
46,0,142940.7591100370,12,4,22.60067395779630,1,3,1
40,1,61115.11946480990,11,1,3.1219796165913600,0,3,0
49,1,138198.62676200300,19,0,58.12432161091140,0,1,0
21,0,119595.0712634260,14,0,44.35094686996530,1,4,1
64,0,103828.23852290100,12,4,53.00320960707180,1,2,1
58,0,115925.0480284990,16,2,4.154064043684270,0,2,0
53,0,55997.58335911520,17,2,13.401326154411900,1,1,0
47,1,41550.69022122580,12,4,55.578808830376200,0,1,0
39,0,59512.526593153600,0,4,9.735525809840950,0,5,0
37,0,105404.17031472800,1,4,27.04873147358930,0,4,0
68,1,145254.90131538600,15,1,30.607402156890100,1,2,1
69,1,76790.59133997330,4,2,32.93305465159600,0,1,0
19,0,113383.05279836100,16,2,23.566583174373100,0,1,0
60,0,105455.95268211700,2,4,44.872548536076400,1,1,0
44,0,49607.465693417200,5,4,13.334429598071100,0,5,0
22,1,106640.19617848900,10,4,59.81165504805240,0,5,1
70,1,44197.666707935200,4,4,16.593685413651500,1,4,0
43,1,131584.4179838860,15,4,28.294007892161700,0,2,0
63,1,92623.51153855530,13,3,55.138441079452100,1,1,1
42,0,71281.9162141046,9,4,5.567281567100280,0,0,0
40,1,58549.62556739520,8,4,21.695879757608400,1,0,0
45,1,124468.45960740000,11,4,2.8492174626731400,0,3,0
36,1,60218.45332216170,1,0,15.368171995072600,0,4,0
43,1,54787.04797463630,11,3,45.10326526436610,0,3,1
62,0,29221.188097390500,14,1,39.32303455761600,0,5,0
56,0,147878.26028424400,16,1,58.394828397730200,0,2,0
46,0,33178.47668191070,8,3,51.180187466646900,1,2,0
25,0,117289.96545791000,6,2,48.329977521315500,1,5,0
25,0,83421.02571042710,14,1,27.003603423971500,1,5,1
32,1,140405.22889613200,9,1,21.015003091203200,1,2,1
34,0,45300.92653669950,11,3,38.280929395566200,0,1,0
19,1,120604.35524492000,12,3,11.318152235496900,1,1,1
50,0,64894.45379183540,18,4,26.483193337603900,1,1,0
62,0,58974.068583480700,3,3,29.008546500564600,1,3,0
20,0,44443.215500004100,9,2,11.46373033792480,1,0,0
52,0,77639.40186929440,20,0,43.76243152254480,0,1,0
58,1,109475.65065143100,14,0,2.045117185953950,0,1,0
58,0,28497.60048337010,11,2,28.328766742226300,0,0,0
30,1,105378.28825169200,9,4,5.2709744975943100,0,5,1
28,0,105716.00988675200,16,0,26.48737291634300,0,4,1
54,1,60542.30152919480,6,4,43.42214714661060,0,4,1
19,1,24590.47614223110,1,3,14.971057541914600,0,5,0
33,0,32750.735501951800,0,3,53.69371073802590,0,5,0
60,0,28149.650810842600,10,2,31.93458136206710,1,4,1
68,0,133531.979061905,3,2,10.591111149953500,0,1,0
41,1,53632.51348020730,15,4,10.418332649633000,1,3,1
33,1,139349.95178589000,12,2,55.10752998871900,1,0,1
34,1,20418.37426855620,9,1,54.45995479214510,0,0,0
36,1,64278.54165556790,19,1,18.873764905515000,0,0,0
57,0,42634.21359343100,11,0,10.75978897557620,0,3,0
67,0,102703.05741207000,19,0,11.192648618526400,0,3,0
29,0,21574.10178053540,14,2,45.46949041716570,0,4,1
37,0,122360.31347780300,17,3,10.067364012627600,1,5,0
34,1,68252.41504689160,20,2,46.729826220008000,1,1,1
53,0,100904.624400242,10,1,18.54620659165740,0,4,0
64,0,36992.34897622590,1,3,43.522781609574100,0,2,0
22,0,58834.3245665405,10,2,45.03876997058110,0,2,1
64,1,100546.43413671800,20,1,45.223188289044000,0,2,0
51,1,142554.1614822350,18,3,46.263072388494600,0,1,0
39,0,61452.68638174810,11,3,50.29687324807870,1,1,1
56,1,40079.76713903210,0,0,9.355417454210420,0,5,0
20,0,31607.638188324500,19,2,38.20280582364250,0,0,0
40,1,75588.17338143390,11,2,2.061299762770870,1,1,0
43,0,25706.992543590700,0,1,5.297872555166790,0,3,0
61,0,145556.8809499190,13,4,17.23503663679600,1,3,1
68,0,147528.35916114900,5,1,32.02044986431030,1,4,1
45,1,148444.67560022700,13,0,42.42724914661730,0,1,0
18,0,33697.43989261130,9,1,14.723627866776600,0,3,0
28,1,118670.68672785100,19,3,56.17435577022070,0,5,1
70,1,40803.24174021520,3,3,51.067786562028000,0,5,0
26,1,84856.43638967250,7,4,48.1105703328951,0,1,1
61,0,118307.76981352300,20,3,29.547148231960200,0,4,0
69,0,27519.778428130900,6,1,39.46021752520880,0,5,0
34,0,133648.92820907300,4,3,1.0748165380139200,0,2,0
56,1,95714.94556694200,7,0,31.282369769656100,0,2,0
21,1,68691.87531261580,17,2,32.9310221805066,1,4,1
25,1,76266.080287231,10,0,19.039611523230100,0,0,0
47,0,108350.64325556400,16,4,44.03551147486590,0,4,1
32,1,77122.64866027880,14,0,8.35228872815836,1,1,1
53,1,51290.052538225600,2,1,13.879883596879200,0,3,0
18,0,96386.16324422230,6,4,38.915048177445000,0,4,1
34,0,37397.68718996010,3,1,10.656864160053900,0,5,0
69,1,134136.66165785900,0,1,26.768711252977400,0,4,0
26,0,77709.52908582910,1,2,27.406627079970400,1,1,1
48,0,129003.93839959300,4,4,53.7567473583777,0,2,0
20,0,127256.42332340800,20,1,30.50200101860690,0,3,1
28,0,27494.185685873200,11,1,45.9842267944069,1,0,1
22,1,124870.1575603160,0,0,4.228136315184760,0,0,0
39,1,71019.5642098324,19,3,28.97202247469380,0,1,0
26,1,128438.79761008800,3,4,7.0714002121780400,0,1,0
41,0,139958.43476674100,18,3,32.81227369130430,0,3,1
38,0,49299.56484087960,8,3,49.249517404775700,0,0,0
48,1,102674.1119312850,3,2,25.017529983359800,0,0,0
69,0,103425.47164881300,3,0,40.66728178962480,0,5,0
19,0,54950.95686968520,17,4,27.7986507661496,0,2,1
18,0,37122.953715282200,5,1,51.4128499079388,1,5,1
55,1,65884.60544880640,3,2,38.10351552038500,1,3,1
50,0,115876.0867296710,10,4,53.80951699054890,0,4,1
28,1,110430.3590445850,6,1,42.828891760302900,0,4,1
64,0,72557.66714313300,15,3,55.609397542226000,1,4,1
63,0,76497.47491163250,17,0,59.621112196333900,0,1,0
44,1,90784.60468350250,15,0,46.44349717334250,0,5,1
23,1,68006.50012802030,18,0,40.55635325166810,0,4,1
63,0,23531.764759322800,8,0,49.00890597468120,0,2,0
39,1,22203.19643564550,3,0,37.358198310506100,0,4,0
68,1,137794.43027722500,4,0,41.775246333177200,0,3,0
22,0,69899.05479584730,19,1,3.7862677131905300,1,0,1
20,1,119999.00921895700,12,0,12.603366711028100,0,3,1
26,1,144157.86649304900,18,0,7.185309085153490,0,1,0
18,0,46262.0368923237,19,0,32.655010895213400,0,5,1
58,0,62665.0579692105,7,3,43.18221658955490,0,2,0
27,0,56955.632080577200,3,1,50.36705148248340,0,0,0
50,0,46634.565639592600,13,1,9.218837983766940,0,2,0
64,1,59812.97070225950,12,0,20.700245820066700,0,0,0
37,0,84773.23869424900,2,4,8.540898817262580,0,2,0
42,0,96535.09787707160,13,1,56.918405339896700,0,4,1
53,1,83384.25517754000,17,1,29.72286450453300,0,5,0
39,1,67538.49727397830,19,1,26.848587410964400,0,3,1
18,1,54456.03568225050,13,4,4.271268906526640,1,2,1
62,0,122297.44021318800,12,0,20.01716464369610,0,3,0
26,0,103707.55296034700,17,1,12.223447918388100,1,3,1
42,1,100218.64709531400,7,3,55.31706006593580,1,3,1
22,1,114814.82323144000,16,3,38.04396573412400,0,0,1
30,1,71294.88982769400,2,4,29.53775856566080,0,3,0
53,0,137989.43033235200,16,0,41.22534436951880,0,4,1
23,0,88561.95087594790,17,2,57.82255372297040,1,4,1
39,0,115006.72544749500,9,2,2.665496819391680,1,1,1
23,0,22485.092275869300,10,2,31.83985778998850,0,3,1
58,0,21580.380292060300,7,3,7.80877459955008,0,1,0
59,1,52058.4725471432,19,1,25.939451602103200,1,2,0
31,1,124452.756628595,5,1,14.5933092193593,1,2,0
69,1,53488.938643383800,5,3,47.053790823435500,0,0,0
53,0,139699.65910023600,6,1,48.718785418368900,0,2,0
41,1,114440.02296469100,12,3,6.637987133541780,1,3,1
25,1,126914.90857687600,15,2,56.511914474147600,0,2,1
50,0,149406.87710487000,13,4,12.504807513740200,1,4,1
58,1,20175.97134301090,5,1,31.687956019296400,1,1,0
41,1,30478.196788426200,2,2,36.26031395226510,0,3,0
65,1,102495.71428153900,16,0,1.8480041548888800,1,0,0
51,0,144345.1817789320,20,3,15.949384530930700,1,3,1
48,1,112211.70770143900,2,0,45.11433032677230,1,0,0
69,0,84247.618142539,9,4,48.33270157487170,1,2,1
30,1,116446.52250463300,12,4,49.26814593098320,1,2,1
50,1,88040.81847866760,17,4,2.455527317888740,0,5,0
44,1,75891.04006071930,19,0,12.243986744514400,1,5,1
41,0,61179.018018778500,11,4,40.37257913039390,0,5,1
68,0,99988.74325907430,7,2,45.98950822875660,0,5,1
52,1,142725.47219730200,15,1,12.36877458688510,1,5,1
49,1,87244.97733740920,13,0,24.027437285553500,1,3,1
35,1,132525.02893119200,4,3,59.51807575535420,0,3,1
20,0,97867.20606303740,6,4,7.6086910710241300,0,3,1
41,1,77725.68739628640,1,2,52.22398147095980,0,3,0
40,1,122134.71035043000,11,4,37.69686661553860,1,0,1
49,1,70898.34076311780,12,4,25.716824212307700,0,4,0
70,1,30423.401830647400,16,4,1.2336366377164200,1,5,0
19,1,132592.4323695200,20,3,25.88796029583660,1,5,1
23,0,142301.98766540400,6,4,48.59991040787250,0,5,1
41,1,65461.419866960400,0,1,50.12893103461580,1,0,0
35,0,89983.15262324270,11,1,38.53188639595590,0,2,0
22,1,58552.78858677100,16,2,23.8698528869451,0,2,0
56,0,61794.441162224700,20,2,53.1083901224929,0,2,0
19,0,49954.16607525550,20,2,6.822428437835320,0,2,0
28,1,66413.81471610160,8,1,14.412002193131600,1,0,1
68,0,74443.13147964100,8,4,8.388571512096060,0,4,0
48,1,139273.15960715900,8,0,6.339282354656140,0,5,0
19,1,100078.10853382300,11,0,54.84369658610350,1,0,1
28,0,28430.967282785900,4,0,15.378784502356200,0,3,0
26,0,21484.337849029600,9,3,19.582171653206800,1,5,1
32,1,48084.96372624800,16,0,49.19652708074590,1,2,1
31,0,102732.17812384300,5,3,34.37877953818320,0,3,1
63,0,124000.45262927900,10,1,1.57698343803995,0,3,0
40,0,49200.02953970080,1,4,6.120194289834440,0,2,0
58,1,103739.39879186900,10,3,20.240257341688800,1,4,1
38,1,57705.9191551168,5,1,50.67702815543540,0,4,1
65,0,28964.542126334800,10,2,18.168963984315100,1,0,0
56,1,65346.66941603230,1,1,42.76851402865970,0,3,0
27,0,33327.07532864170,5,3,22.436031753087200,0,5,0
42,1,120508.4436094270,20,4,27.334920186365600,0,3,0
59,1,110170.34747159300,12,0,26.141219887376600,0,2,0
31,1,143693.79232298200,9,1,5.32504326870947,0,4,0
62,0,79728.07989277830,0,1,31.25728638367340,1,2,0
68,1,128657.37062836700,15,0,35.70047869704630,0,3,1
23,0,80098.42293007890,16,3,18.668005712121000,1,5,1
25,1,43949.2291009434,14,4,51.736502136821100,1,4,1
52,0,112018.56263987000,11,4,48.231630202478100,1,3,1
47,1,58647.802739953400,6,0,47.64348560877820,0,5,0
49,0,33246.10311348180,14,1,3.37659709730484,1,1,1
36,0,127701.00892838500,10,1,53.35905975439680,0,1,1
68,1,137935.35399175800,4,2,40.669349617999500,0,3,0
26,0,109980.97442023700,4,0,34.79287144435010,0,2,0
61,0,118307.76981352300,20,3,29.547148231960200,0,4,0
35,1,89415.77143120930,15,2,1.6225465721381300,0,2,0
24,1,126755.77673152900,6,1,16.808622256304000,0,4,1
67,1,38456.358668929200,18,1,51.337372923210200,0,0,0
34,1,102767.05868173700,12,3,57.28226839905810,1,5,1
30,0,85709.16532835850,5,3,10.65337283581080,0,5,0
36,1,135712.6145738950,15,3,23.652873525345200,0,5,1
64,1,63629.35905507960,18,1,23.779852141411600,1,4,1
27,1,32549.481125407300,19,1,19.970447521462100,1,3,1
34,0,20679.849760578700,15,3,25.408655882691800,1,4,1
20,1,148048.65529831400,15,4,21.1466949898981,1,2,1
28,1,20496.589945615800,9,2,36.85345282199790,0,0,0
69,1,74463.21272437180,3,1,21.940940857113000,0,2,0
42,1,123123.97555697300,6,0,49.27058928654030,0,1,0
50,1,49158.15282705590,13,3,32.589386795176600,0,2,0
69,0,32088.78317700720,14,1,9.473661306060160,0,1,0
59,0,51043.507479600100,12,1,40.668547790929000,1,0,1
65,0,73442.42833809190,13,1,55.866200050371100,0,3,1
29,0,111152.08200673400,10,3,7.327563176254920,1,2,1
46,0,94330.40576628190,6,4,45.6358108663482,1,5,1
62,0,97786.47295870870,9,2,27.76079576729530,0,1,0
38,1,94558.76368922450,19,1,43.90883975669360,0,0,1
47,0,78545.62725770360,7,3,5.656861447266330,1,5,1
23,0,51446.12823467560,1,1,9.836850769173260,1,0,0
37,0,122519.94540741300,5,3,21.341416247092600,0,5,0
52,0,25838.46886943010,9,4,2.019994641038430,1,0,0
50,0,100181.86902083000,0,1,24.706994057500000,0,3,1
48,0,35383.70482004040,10,1,53.03655775329580,0,3,0
51,1,85676.88056496300,7,2,8.04748415389286,0,5,0
66,1,77089.47616238730,3,4,51.09358179153720,1,2,0
33,1,33246.01044858180,13,4,39.84557612724550,0,1,0
69,0,83842.44481981150,15,1,28.349533655234100,1,5,0
50,0,84002.31240015370,2,2,44.23976972015000,0,2,0
22,0,123245.65306602100,14,3,2.0933427820656600,0,4,1
30,0,58066.864771125400,5,0,20.80526163792770,0,2,0
50,0,136032.5695732420,3,1,36.50775456934980,0,1,0
65,1,124661.74140443600,11,1,14.46178891130340,0,3,0
61,1,39763.23090672430,5,0,19.108933305892700,1,3,0
70,0,119425.2741173890,4,3,45.35588065466810,0,5,0
47,1,61817.09865574130,12,4,8.696633186673470,1,4,1
38,1,41703.90153713580,9,3,57.627243399825200,0,4,1
59,0,69454.6009759831,14,4,57.93078748860770,0,0,0
59,0,24682.44637788540,4,3,45.1082305578671,0,2,0
41,1,102836.19198507600,6,2,2.130905363973690,1,5,1
24,1,69282.2263273517,16,4,10.995921723501600,0,2,0
45,0,122766.27325573500,16,1,38.295223278492400,0,5,1
50,1,24369.768023826700,3,3,56.15868974671600,0,5,0
43,1,68865.47706895000,14,2,37.5651234150024,1,3,1
60,0,111906.9433692430,15,4,9.568276174999690,0,0,0
51,0,49383.769716080000,1,0,29.718311852786600,1,1,0
64,1,116317.52729976900,8,3,50.62533122739330,1,3,1
31,1,34265.70582807550,7,1,16.363783418486600,0,3,0
55,0,74153.55770269800,12,1,7.286523585750670,0,5,0
64,1,55242.51298932860,0,2,56.05158153090260,0,5,1
32,0,87474.19641684130,13,4,26.821131856798500,0,5,1
45,0,112826.85403915600,3,3,24.12788458945980,0,0,0
26,0,75855.38565606160,2,0,16.88219462892500,1,2,0
22,0,121637.10223484200,2,3,7.814846103231510,0,5,0
64,0,22512.592019288100,3,3,58.511420761804400,0,3,0
69,1,74463.21272437180,3,1,21.940940857113000,0,2,0
52,0,80332.3707289555,4,1,52.55388673477300,1,5,1
20,0,83318.04944646170,2,4,16.050512537110400,1,0,0
61,0,44075.42382277080,18,0,55.75283996703350,0,0,0
54,1,105362.03958202400,11,3,9.4279085479235,0,1,0
64,1,84680.1807789933,2,2,34.02794760860610,0,1,0
65,1,67090.60741479750,12,1,41.6976835914591,0,1,0
23,0,107292.2893267370,10,4,32.34086176235620,0,0,1
18,0,47643.7689282425,15,0,7.2696883827513500,1,5,1
19,0,137376.34937495800,12,4,7.494351850682370,0,3,1
20,1,122036.60702449100,17,4,38.46085407694690,0,3,1
36,0,49670.59725418090,19,4,35.820075645334900,0,2,0
45,1,145322.2629253010,16,3,34.37060813713460,0,0,0
20,1,134117.9101597650,10,3,31.6936856697375,0,4,1
41,1,64051.884414037700,18,0,16.152972225785900,1,0,0
46,1,108414.54510810600,8,3,18.25838620012080,1,0,1
34,1,134420.37592979300,15,3,19.720050042778400,0,3,1
41,0,28476.596863864000,2,2,13.809090538723500,0,5,0
36,0,68244.68199591660,19,2,1.5557715023742700,1,3,1
24,1,76888.40612720100,15,2,39.962906891353700,0,0,1
51,0,34832.45203543130,14,2,29.297880707923000,0,0,0
22,1,104911.1627690670,6,0,27.393682391331900,0,3,1
55,1,127216.62085511100,16,1,47.92198309381340,1,1,0
53,0,20715.753890854700,11,1,23.981445530779100,1,5,0
24,0,98139.64168403030,11,2,37.69426729164580,0,5,1
69,0,126181.33064573300,1,2,4.216201504740690,0,0,0
62,0,25060.89523233680,13,3,26.599394860643300,0,3,0
18,1,128120.61567785100,10,3,31.984079752586100,0,0,1
50,1,39521.97010621540,6,0,13.846005081293100,0,2,0
32,1,144193.50924551100,18,0,36.533121840258200,0,3,1
60,1,122703.95671991800,20,4,36.57068007372070,0,4,1
45,1,120618.87915985900,12,1,17.93222116882110,1,5,1
26,0,21175.000980308000,12,1,15.42788613607370,0,5,0
47,1,54762.26362148040,9,3,53.36497255585840,1,4,1
57,1,54355.91421062310,12,2,45.6741580612362,0,4,0
27,0,33327.07532864170,5,3,22.436031753087200,0,5,0
49,0,57601.82035644510,7,3,19.670820015474,0,5,0
55,1,76809.46513653070,3,4,31.50337070937280,0,0,0
54,0,122568.07078970300,2,1,51.94985137690030,1,1,0
52,0,28664.765272889700,16,3,47.54669441298390,0,5,0
57,1,31518.055858350200,5,4,54.70278264303200,0,4,0
49,1,70898.34076311780,12,4,25.716824212307700,0,4,0
58,1,81820.98487328750,14,2,55.25845957365640,0,0,0
41,1,27551.95377044550,14,4,7.884658076218090,0,2,0
57,1,50546.542649473900,12,3,26.222945897966300,0,5,0
48,0,61203.05641284550,13,1,24.81392782092390,0,3,0
29,0,139539.03320528600,11,0,34.92915472603950,0,4,1
54,1,47391.64530273640,15,1,53.26940475216210,1,4,1
18,0,147548.68513293700,6,0,52.66998979269020,0,5,1
60,1,131349.8390872310,12,1,36.54402548182510,1,3,1
54,0,93452.8590716721,2,2,17.01442099228710,0,2,0
21,0,84513.637874707,14,0,38.11966320424880,0,5,1
56,0,60865.51471388730,2,0,42.10853408118890,0,4,0
66,1,90659.96825454400,7,2,50.89288340584090,0,5,1
35,1,53775.71713685450,18,0,24.398843888793500,0,3,1
64,1,121448.89606422700,18,3,36.7212246330152,1,4,1
54,1,117167.77285757000,3,2,19.036426012818800,1,4,0
27,1,55283.21945807290,10,2,16.841790117917300,0,0,0
24,0,101106.458717913,16,1,16.0012904983469,1,0,1
64,0,64250.32355308570,12,0,19.609567084262300,0,5,0
66,0,124009.22593089100,7,4,52.24461701636440,0,0,0
18,1,95046.27380030710,5,0,30.992973766310900,1,2,1
47,0,95178.79192464690,19,0,27.928392943033000,0,5,0
20,0,129291.393641456,11,2,56.489334712267600,0,0,1
31,0,35780.23436072280,20,1,14.162093737209500,1,0,0
44,1,146500.16118640300,13,0,16.025039499514400,1,2,0
63,0,124000.45262927900,10,1,1.57698343803995,0,3,0
60,1,99682.14572428830,19,3,22.588058618450600,0,5,0
36,1,20567.22505454020,13,3,28.83022724658140,0,0,0
42,1,141860.44864462500,15,4,49.20931885083890,0,1,0
55,0,45752.69225876620,3,2,43.179007846560000,0,1,0
19,0,106658.0622760610,19,4,1.2309322383880500,1,5,1
22,1,25463.207772282700,2,3,43.64335188463690,1,4,1
61,1,118945.79981561100,4,0,19.62754665645880,0,0,0
47,0,85081.15484915430,7,3,18.001706850153100,0,0,0
65,0,56305.891499073400,11,2,36.669872505236300,0,4,1
23,1,45458.300937455100,3,3,33.410255545974900,0,3,0
41,0,84539.94980618900,15,0,2.7210236451538500,0,3,0
45,0,31022.96208595440,16,2,55.34748893066970,0,2,0
39,1,53820.51282506670,8,3,23.541179068152400,0,2,0
29,1,110297.4055429270,19,1,20.528524908600800,1,3,1
21,0,58640.91500212020,17,0,3.2449015202953600,1,5,1
61,1,47194.11050303060,3,3,47.76886179811330,1,2,0
70,1,67880.23896589030,2,0,47.12201035128080,0,2,0
54,1,96629.01863301060,10,0,42.63978401118210,0,3,1
47,0,47559.22711082560,17,3,15.200213793827200,0,5,0
64,0,38477.826093149500,17,3,6.394149862840850,1,1,0
42,0,74528.23921445080,19,4,4.805544762507150,1,1,0
48,0,61203.05641284550,13,1,24.81392782092390,0,3,0
25,0,45905.14374068410,20,4,41.711523612498600,0,1,0
61,1,33701.11835401470,6,0,27.852329630933400,0,2,0
63,1,130496.79829248600,1,0,7.11456686236694,1,4,0
32,1,88855.76411293060,9,3,31.749249769898700,0,5,1
56,0,24773.77712510680,7,2,22.245878216144700,0,4,0
49,1,98244.60665272190,14,4,31.37226986105490,1,5,1
41,1,112640.77330280700,5,3,6.8860499044677000,1,1,0
33,1,92502.14741250570,8,3,40.649165968651600,1,0,1
21,1,123108.57361957600,11,3,3.456997318058840,0,1,0
38,1,129766.42075615000,14,1,41.52954466520710,0,4,1
35,0,106630.10376516700,8,4,54.55729721423300,1,1,1
53,0,143788.8321406870,0,3,8.341618268858560,0,1,0
49,1,74308.92730576300,13,1,56.13079279370830,1,5,1
19,0,120829.54062029300,20,4,17.138979711114300,0,0,0
52,1,144359.90074085000,9,4,8.70968519438248,0,5,0
55,0,25686.07940016320,15,2,23.929225790819100,0,3,0
22,0,69652.15315487650,2,4,13.131667774261100,0,1,0
43,1,119783.79170732900,10,1,31.62227992113480,0,5,1
22,1,117323.880436406,18,4,42.65313069699830,1,1,1
68,1,117945.62989340600,13,1,47.2799342708956,0,2,0
59,0,138961.70889291600,13,3,21.158799855288800,1,1,0
46,1,31968.70819072180,16,0,15.333776339535600,1,1,1
53,1,147921.71121736000,10,3,22.239552707964400,0,0,0
37,0,48326.03205314870,14,1,40.65109988981640,1,3,1
62,0,122297.44021318800,12,0,20.01716464369610,0,3,0
70,1,34883.39294856770,18,1,23.37772011192510,0,0,0
67,1,136028.02769413,20,2,11.230367906161000,1,4,1
30,0,51183.634658272800,17,1,27.74278018454630,1,0,1
45,0,71367.90662436140,9,4,27.40251462081530,0,3,0
70,1,52791.332622537000,1,1,11.821994966379400,1,3,0
46,1,71476.16144611910,18,1,36.36215664101240,1,3,1
66,1,40038.855613203300,4,1,52.41782396368590,0,1,0
46,1,118054.44653511300,6,1,1.2422659709494600,0,2,0
21,0,59545.83355271650,10,1,12.087631514553900,0,0,0
55,0,70438.27879309300,14,1,36.464378876381900,1,5,1
31,0,96846.93942360710,15,4,37.03317499903260,0,1,1
39,0,141979.62639830300,3,3,13.417120658415500,0,1,0
49,1,138198.62676200300,19,0,58.12432161091140,0,1,0
49,0,34043.348036989900,9,3,6.2995056361106800,0,2,0
58,0,134850.4191881880,12,0,33.37801169651770,0,3,1
31,1,47872.8427891114,5,3,40.87766474698240,1,2,1
47,1,145165.34641962300,2,0,12.150153938299300,0,0,0
25,1,96745.19975964050,5,1,37.82269178269360,0,0,0
45,1,46170.57401691630,9,2,27.36023691398450,0,0,0
41,1,112003.77553477900,18,0,12.183775003679500,1,3,1
42,1,68609.73611166580,12,3,23.396362030451600,1,5,1
20,1,123037.36511749000,10,3,48.13796516223070,0,2,1
41,1,64051.884414037700,18,0,16.152972225785900,1,0,0
32,1,43609.81580835830,12,4,40.32502407533760,1,5,1
61,1,83180.06419368840,8,3,20.33708632787160,1,3,1
66,0,69966.15500813750,7,1,14.801446425983700,0,3,0
65,0,124199.82454478900,14,3,59.69172231986050,0,5,1
62,1,86645.11790885690,6,2,58.72151765295760,1,1,1
36,0,27738.21104521030,1,0,22.334831787098000,0,0,0
28,1,91055.02846419830,20,2,47.96194028643580,1,3,1
42,0,74762.24692822940,15,3,21.370608571366100,0,2,0
25,1,141280.23213405700,0,4,18.041525454173300,0,1,0
22,1,69467.30228308630,20,2,22.847290920037700,1,0,1
68,0,52087.1029962473,2,0,59.01984600717380,0,3,0
66,1,141127.98352626600,0,1,1.1288644285776800,0,3,0
28,0,143620.71728533100,0,4,25.581526207411300,0,3,0
25,0,99811.36601880800,4,2,13.38516469913500,0,4,0
54,0,86646.80437433410,10,0,12.741666370496100,0,2,0
39,0,143600.45200507400,19,1,5.721077915703080,1,5,1
43,0,144286.12866955100,5,4,38.391491144229800,0,4,0
56,1,69481.02815195540,17,0,11.065466352677000,0,0,0
65,0,140429.73887491100,18,2,39.95981400033350,0,4,1
24,1,146187.95090326700,13,4,39.5905756243891,1,1,0
18,1,111861.88308423200,5,2,31.027565079547900,1,3,0
56,1,108429.61129708600,20,2,29.53090055652820,0,1,0
62,0,83471.34781283120,0,4,41.67561089840820,0,4,0
68,0,124514.60598182800,5,3,38.16247161080760,0,4,0
37,1,111293.63958411600,18,0,31.78099628064820,0,4,1
67,0,40127.71963770360,16,4,51.175339773056800,0,5,1
24,1,82795.1606826557,13,0,35.98597935707850,1,3,1
34,0,21573.405180894000,0,4,16.762750492691400,1,5,0
26,1,98453.39665753910,7,2,37.05734986946350,0,0,1
46,1,34428.63099775250,12,1,11.881676244471600,1,1,0
38,1,23355.547903433300,12,3,51.641495475074600,0,5,1
18,1,111861.88308423200,5,2,31.027565079547900,1,3,0
34,1,146881.79702629800,2,3,11.455688355848700,0,4,0
66,0,127577.4598738190,14,4,26.180631959441200,0,5,0
47,1,145909.85312098600,14,2,18.13172453667520,0,3,1
33,1,53713.53665122230,10,3,8.416648484214830,0,1,0
30,0,108025.68316555100,0,0,59.564907358719300,1,4,1
65,1,28899.633513365100,1,0,1.1717913521935400,0,1,0
62,1,87062.04735260270,7,0,21.1278102233613,0,3,0
40,1,127575.82158351900,2,0,35.550645902530900,0,0,0
28,0,64992.96444991210,17,1,21.519161779884300,0,1,0
30,1,131433.30340983800,1,4,8.40934405989948,0,0,0
43,0,76162.46058728580,10,1,39.71456313713850,0,1,1
19,1,140799.646972141,17,1,41.4268857724221,0,5,1
40,1,72373.52674224280,9,2,30.45102016249700,1,0,1
42,1,35733.250063075100,10,4,5.153916381748340,1,0,0
24,1,46036.662322791400,11,1,42.326837060037100,0,1,0
63,0,79701.18408760460,7,2,44.77932466090590,0,4,1
39,1,55921.48410056100,17,4,33.41628812502250,1,0,0
19,1,52289.86913661700,4,3,35.858136618835000,1,4,0
27,1,149716.71123865700,16,3,48.0428715333478,0,3,1
30,0,147553.1187790980,7,3,41.22176617432820,0,2,1
57,0,131153.92621059200,20,3,31.169006297971800,1,1,1
63,1,144383.9760129570,20,4,52.21003187812570,1,0,1
66,0,73432.73978452100,10,4,47.54776231216070,0,4,1
42,0,48710.861785191200,13,4,53.05013849639240,0,0,0
33,1,124648.56995850000,4,4,22.28757237130220,1,3,1
51,0,98454.10248563920,4,0,22.03992585958880,0,2,0
28,1,98382.57394233,16,4,41.41535911312750,0,0,1
27,0,87789.75303379140,11,3,17.74881271385210,0,1,0
70,1,77257.37554061510,7,3,25.869159768107100,0,5,0
30,0,87268.02572815540,12,3,6.6196871043993,0,4,1
60,0,127807.28391117800,17,0,44.68231951952020,0,4,1
39,0,134650.60857960400,3,3,40.486681954775800,1,5,1
18,1,138891.32630031300,15,2,21.576913596369200,1,4,1
23,1,45458.300937455100,3,3,33.410255545974900,0,3,0
37,1,72468.13030700690,2,2,10.376561243806100,0,4,1
66,1,46693.28203188400,14,3,19.033261313334800,0,3,1
56,1,72387.42323947100,16,2,5.42264256473077,0,2,0
22,0,34919.95334299830,15,0,25.007007452047000,0,3,0
65,0,124343.63027344200,16,2,21.751486569393500,0,5,0
26,0,138229.09942184100,12,4,54.45512519161740,0,1,1
53,0,108115.71604030600,11,3,18.38159664348690,1,4,1
49,0,21612.524716050900,3,0,8.506268329283630,0,3,0
61,1,90303.18814812080,7,1,57.68893560773110,0,3,1
20,0,143199.4433753810,14,4,39.75209863421850,0,4,1
60,0,56120.860891662600,12,2,52.792991349977300,0,0,0
47,0,142815.71364180000,3,3,25.445293827192300,1,2,1
67,1,97696.8767513514,11,2,52.36961662464490,0,5,1
70,1,59690.387970575100,2,0,46.616893813070600,0,4,0
68,1,60677.96124777430,0,2,58.16910386285570,1,4,1
61,0,71826.1936104007,11,2,6.724074875988280,0,5,0
18,0,59728.54801372790,14,0,44.32665208478250,1,1,1
46,1,133864.8008572170,14,2,24.60174852319120,1,1,0
19,0,145726.45998369200,10,0,37.71587576536760,0,0,1
22,1,99634.55088482650,17,0,14.043221616025500,0,5,1
49,0,145634.26016263300,7,4,7.207953759052010,0,4,0
45,1,79870.1346456382,8,4,28.55405412478280,0,4,0
22,1,26497.273725758200,6,0,17.469503860116000,0,2,0
67,1,21081.59248953500,3,1,48.48513622049190,0,4,1
41,1,27551.95377044550,14,4,7.884658076218090,0,2,0
29,1,26264.181611128500,10,0,14.005835208664200,1,1,0
70,0,29828.655280177600,14,3,44.85437403822050,0,3,0
65,1,81396.63454118760,20,0,45.26603793883450,0,2,0
37,0,105301.0388985390,3,1,53.33552192237080,0,2,0
29,1,128078.55687014200,12,0,42.26369971825470,0,4,1
58,0,64879.00856422000,17,4,57.34872804044800,0,4,1
56,1,24884.24175185800,14,3,34.29272660227250,1,1,0
52,1,119368.44608882600,6,2,54.46211463152130,0,4,1
35,1,66515.83093476140,5,4,16.422441677063300,0,0,0
20,1,99727.91903535930,1,1,49.42957396558620,0,1,1
50,0,74383.40233329640,13,1,52.09536825015690,0,2,0
54,1,30322.856003593800,10,1,5.665485237622240,1,4,0
46,0,68222.33106050950,4,1,48.644639068481600,1,5,1
35,0,51093.413548070300,11,3,59.00081727727440,1,3,1
64,0,23067.345403918800,4,0,47.13402220750430,0,0,0
44,0,36622.684158914300,11,0,25.207275373692800,0,1,0
23,0,126812.79670236100,15,1,17.17567822266570,0,1,0
34,0,30624.294947081200,19,3,38.48063425418580,0,5,1
45,1,23275.14381469980,19,4,12.837293318647800,1,3,0
54,1,25129.73927581690,20,2,57.34635225708840,0,3,0
26,0,107451.38924715700,19,1,39.902085849451800,1,1,1
28,0,39105.15224646730,10,1,36.97165461372450,0,4,1
21,0,81251.8268612659,11,4,6.7017944657274100,0,2,0
36,1,44907.08294552740,19,0,47.6084955009896,0,1,0
69,0,32088.78317700720,14,1,9.473661306060160,0,1,0
31,1,38101.898245287400,19,4,27.934022465150400,0,5,0
41,1,30478.196788426200,2,2,36.26031395226510,0,3,0
54,0,67832.29766927100,17,3,59.32093858472150,0,1,0
69,0,126181.33064573300,1,2,4.216201504740690,0,0,0
51,1,125070.57730119900,7,1,15.891701181586900,0,3,0
27,0,65252.42711187750,19,2,56.72335758504020,1,5,1
41,1,49727.98134846910,14,2,30.393724454139400,1,2,0
57,0,115636.20485109500,7,4,2.6992696522446000,0,5,0
43,0,129388.18190101900,14,0,32.226779440471800,1,3,1
55,1,86155.77222683730,15,4,7.259414997161640,0,4,0
32,1,105104.58929257400,6,1,36.33410259068170,1,0,1
37,0,74954.7227962112,15,3,3.911624258147860,0,0,0
64,0,92958.96247672820,19,3,31.040319968193600,0,3,1
69,0,21638.977596848700,4,2,18.516844781814500,1,2,0
21,0,144531.43573738000,19,0,35.548116316349400,1,4,1
40,0,145714.585783299,15,4,17.809881900593700,0,3,0
68,0,85400.91360137870,5,4,27.49592016789070,0,5,0
46,1,104305.62661542900,8,4,28.62037457037340,1,4,1
50,0,53620.70853544500,7,4,54.04241497631960,1,5,1
34,1,46489.63968659960,19,4,58.98874695346980,1,4,1
22,0,82842.96667650910,2,3,43.368002539405300,0,3,1
56,1,115299.26848385800,1,1,35.196206917347800,1,5,1
60,0,84072.39597816810,4,4,23.197533323310300,0,2,0
50,0,51462.87039751400,11,0,40.01965825274270,0,0,0
66,1,48478.94518324150,10,1,1.926058430180500,0,3,0
70,1,106116.42152113900,1,0,53.32361326706480,1,5,1
46,0,95978.35826846540,20,3,16.30458458930940,0,0,1
41,1,108740.23875904200,8,1,37.69854213972990,0,0,0
50,0,144881.50681671600,10,4,36.84083348060560,1,5,1
23,0,129674.45632673700,14,3,39.1355416152957,0,4,1
49,1,21213.11057752210,11,0,18.67382285727890,0,3,0
58,1,99027.67783179150,18,0,41.858326752910400,0,0,0
53,0,99329.26943209340,3,2,54.79194305215630,1,0,0
67,1,110466.88536194400,17,0,43.108669261925700,0,1,0
33,0,60815.67325905590,9,3,19.55928490471460,0,3,1
45,1,81989.65088131620,14,0,2.391926099066960,0,5,0
40,1,110343.64155732000,20,2,25.065860304921300,1,4,1
62,1,79704.4756325178,16,4,19.883346886232200,0,2,0
50,1,145159.8855329170,14,1,21.393759196969700,1,0,0
52,0,57492.706916436900,4,1,5.526680567905350,1,2,0
34,0,109403.8655159730,11,3,25.41024095723950,1,3,1
68,0,147396.14281665100,11,4,34.900349655560900,0,2,0
59,1,102717.87601730200,9,0,21.621845268994500,0,5,0
31,0,128612.42934648500,12,3,33.43610852469520,0,2,1
23,1,82526.47568519610,5,1,43.9211476017933,0,0,0
66,0,92049.44683716220,14,0,5.530945372917310,0,4,0
44,0,68075.72327833300,9,0,33.97824117595220,1,2,1
45,0,78197.54530335440,20,2,25.115882005703100,1,1,0
31,0,76895.97265926650,10,3,16.574555662880000,0,1,0
36,1,74837.66321004810,18,2,19.617654992143500,0,3,1
50,0,49396.29306245740,14,4,59.89350821418940,1,5,1
42,0,25934.336915309900,10,0,22.794078702851700,1,4,0
66,0,43317.40866158740,3,2,51.85063379193270,0,3,0
46,1,123247.38613142300,16,4,4.546404808625350,0,0,0
63,1,52441.00598043580,1,4,37.50607196499880,0,3,0
55,1,78034.53713220570,4,0,21.115920296914000,1,1,0
32,0,60272.4216971829,18,3,7.2704321826616100,1,3,1
68,0,111480.97135177700,15,3,19.077529103355500,1,5,1
24,1,149332.62123207000,8,2,1.7031609957162800,0,0,0
57,1,117678.76118377600,10,0,30.93599614002430,0,4,1
69,0,32893.15294633810,15,1,56.19006464246350,0,0,0
24,0,141252.36605725900,8,4,19.27426168781470,1,3,1
60,1,76259.69434790420,4,1,5.111751107077060,0,3,0
40,0,91234.73356658010,10,1,50.46557864743920,0,1,0
35,1,104039.63641293100,1,3,16.245166224351800,1,5,1
28,1,79064.90499879520,11,4,51.91487874205310,1,1,0
66,1,48478.94518324150,10,1,1.926058430180500,0,3,0
20,0,68326.10833782290,19,2,13.52437340184540,0,2,0
34,0,91825.12576302560,15,4,22.227575389533800,1,1,1
57,1,76759.8446699396,3,1,11.278429829212100,0,2,0
20,0,82785.95337109620,14,2,5.089158609259400,0,4,1
32,1,25453.659046112700,15,3,28.67452491901700,0,1,0
41,1,65461.419866960400,0,1,50.12893103461580,1,0,0
68,0,147396.14281665100,11,4,34.900349655560900,0,2,0
42,0,54021.73888566780,18,3,1.0441147938613300,1,2,0
44,0,49607.465693417200,5,4,13.334429598071100,0,5,0
21,1,123108.57361957600,11,3,3.456997318058840,0,1,0
41,0,27063.164526977500,8,0,4.8820948499191,0,0,0
40,0,114116.49721059200,7,3,30.5171406020126,1,5,1
52,0,105978.17943915400,8,0,54.786341908800100,0,4,1
44,0,120702.39148291200,7,2,41.354532664993300,0,3,1
34,1,57148.58219705180,20,2,54.2968243848396,0,4,1
65,1,87154.44169797730,7,0,7.49839469221902,0,3,0
63,1,147568.62176464200,18,2,51.45475535331690,0,4,1
51,0,49533.34241305690,8,3,55.148586497171900,0,5,0
69,1,63486.46753645120,16,2,56.78419677301050,1,3,1
29,1,144164.97694792100,8,0,9.496190211269510,1,2,1
38,0,21860.986096717800,0,4,20.844397876219300,0,4,0
23,1,90490.83671394030,8,0,15.120604906294200,1,1,1
28,0,59880.95793787840,6,1,51.671653421441400,1,3,1
67,0,33135.95543138410,14,1,30.561373982091600,0,4,0
66,0,33767.75457248850,3,3,54.26692911512190,0,0,1
33,1,129552.54728087200,16,0,17.481366264942400,0,5,1
45,0,83010.5173269061,2,3,13.201062886604500,1,0,0
37,1,37352.39641407270,10,3,35.11488449217410,0,5,1
35,0,97769.28822828610,1,2,37.979460645616100,1,2,1
47,0,63974.77577928480,12,0,50.56111108332120,0,5,1
69,1,95685.8370572348,8,0,57.73515274756370,0,4,1
29,1,51136.322088240000,16,1,35.69943786260340,0,0,1
43,1,46739.34408542220,10,3,37.20730807599590,1,1,0
42,1,103574.648307632,5,2,32.1379618548504,1,3,1
37,1,112875.14132926100,1,4,20.06846074158530,0,1,0
26,0,123071.07447439900,11,0,16.208930804035500,0,5,1
52,1,133580.81715062500,15,4,44.02344596155030,1,2,1
26,1,53107.18086598670,14,1,48.74249341574770,1,3,1
47,1,49291.20089366060,13,4,1.2872360516746900,0,4,0
29,1,26264.181611128500,10,0,14.005835208664200,1,1,0
67,1,102433.52407892300,8,2,34.424571769682000,1,5,1
42,1,45381.27838434400,3,0,51.4496247722116,0,3,0
42,0,25934.336915309900,10,0,22.794078702851700,1,4,0
46,1,52107.24387936000,10,0,36.05404709717550,0,5,1
49,0,66513.77449230740,0,0,46.02585340698810,0,2,0
22,0,121637.10223484200,2,3,7.814846103231510,0,5,0
19,1,42729.02154385360,0,4,35.713575663841700,0,3,0
58,1,99027.67783179150,18,0,41.858326752910400,0,0,0
41,0,129313.30532537000,12,3,40.697069705305400,0,1,0
52,0,129451.36368293500,13,0,23.5912778281975,0,5,0
51,0,28119.487170479300,13,3,26.98207915848740,0,1,0
37,0,45600.34157894570,0,3,31.866322047553000,0,0,0
44,0,65435.82837128640,17,2,18.076745713771300,0,1,0
38,0,87431.12926947740,0,4,43.59700567014700,1,2,1
25,0,122206.73479393800,10,2,52.496983815045900,0,5,1
66,0,119516.67686884400,9,3,42.367508978032600,0,5,1
57,1,31518.612816058300,7,3,5.456462880257550,0,1,0
66,1,117622.17378723100,10,0,11.157952624606300,0,4,0
62,0,105931.85305215200,14,2,48.20900625511330,0,3,1
29,1,122498.15462292900,12,2,18.131351236634200,0,5,1
49,0,83391.61525673740,15,3,37.45413261031020,0,0,0
40,1,98921.64523343800,15,4,30.815866426031700,1,1,1
50,1,95764.88856085370,12,0,52.929129241705300,0,5,1
62,0,79728.07989277830,0,1,31.25728638367340,1,2,0
46,1,133864.8008572170,14,2,24.60174852319120,1,1,0
69,0,56721.41542810050,16,1,56.53166695312040,1,2,1
63,0,85623.42777958870,18,0,11.657565178537600,0,1,0
46,0,148031.59235912200,19,2,32.592763900889000,0,4,1
61,1,85342.06154191700,9,1,28.59717184710520,0,3,0
54,1,28273.318207263500,14,3,38.66265384271310,1,4,1
40,0,49200.02953970080,1,4,6.120194289834440,0,2,0
54,1,117167.77285757000,3,2,19.036426012818800,1,4,0
30,1,132019.8174923550,19,3,19.282073315100600,1,4,1
61,1,126478.2568020150,9,1,37.35479494754320,0,4,1
32,0,61031.5546892355,11,4,17.70992594477040,0,3,1
52,1,135258.5479812610,4,1,31.327378822714100,0,1,0
55,1,100546.61386977900,6,4,9.12631183438071,1,3,1
30,0,47756.47762038740,4,0,6.802350373822570,0,4,0
56,0,68381.71309887670,12,4,14.974118765196200,0,5,0
38,0,89214.68869577820,5,2,9.81673925257936,0,3,0
46,0,55076.693616667900,5,4,45.41800103039170,1,1,0
64,1,62207.87049570780,2,0,41.9379265506682,0,0,0
50,1,44510.27874740270,17,1,20.216430483084400,0,5,1
68,1,131240.49219888000,7,3,19.495164230940600,1,2,0
52,0,104713.16886204600,15,4,33.684227042818200,0,2,0
68,0,28970.98703966610,13,1,36.60084852099450,1,2,0
51,0,89590.31708883690,8,1,7.459967380713270,1,4,1
53,1,59381.0177332558,4,4,34.32564476632820,1,3,1
21,0,28144.916449196100,16,2,38.58806744242820,0,3,1
27,1,101233.63294891000,9,0,50.259066273499100,1,2,1
41,1,81882.35681793960,7,2,45.79509979976270,0,2,0
56,0,123728.84075006600,9,1,3.9212451524353200,1,1,0
45,0,149200.29055696100,7,3,59.96084051902680,0,1,0
19,0,34496.58760176590,13,1,39.704079924533400,1,2,1
64,1,90031.23373385290,4,4,9.723293833880640,0,4,0
45,0,130580.08751934800,17,1,6.926995431177140,1,2,0
47,0,52630.17982409900,13,0,11.494907932177100,1,5,1
66,1,77089.47616238730,3,4,51.09358179153720,1,2,0
49,0,70394.34470923410,15,3,32.68792387981610,1,5,1
70,1,144468.2424749530,11,4,46.720779866051300,0,2,0
40,1,59617.64240019730,2,0,16.784094784652200,1,2,0
57,1,103279.97386135500,1,1,2.4667114390318600,0,2,0
45,1,33736.40895402670,15,4,58.88164687301350,0,1,0
38,1,111330.2651995250,15,4,22.20841268938270,1,2,1
49,1,94366.32363800910,6,3,6.955555907827530,1,1,0
50,1,39355.44654321780,5,4,4.643980791121780,1,3,0
47,1,58009.8043535851,1,4,8.994176616801840,0,4,0
53,1,135718.3478614820,3,2,43.73879500388460,0,1,0
21,1,115255.35172220100,17,4,42.838504297670300,0,0,0
62,0,147857.79145297900,5,0,20.08312845091160,1,4,0
27,1,58355.29199504030,11,2,17.94272114270290,1,2,1
53,1,90593.19591449620,16,1,19.360489530436500,1,2,0
69,1,96162.4224989575,17,3,33.276716464188100,0,3,1
34,1,145323.75013151700,2,4,51.06045038609060,0,3,1
38,0,38203.132681931300,1,4,10.412857444617000,1,0,0
30,0,22281.807237661800,12,2,46.37735686693070,1,3,1
44,0,131015.05570420500,17,1,34.124864298054300,1,4,1
22,0,69652.15315487650,2,4,13.131667774261100,0,1,0
60,0,105455.95268211700,2,4,44.872548536076400,1,1,0
22,0,141716.4807909610,17,2,41.604916245056400,1,1,1
57,0,55629.30661448480,8,1,30.943036573690600,1,3,1
64,1,74145.57614750430,15,1,58.776534192866500,1,5,1
18,1,54909.38828878900,18,4,32.72332778355090,0,4,1
31,1,82515.71905839120,1,0,35.88676778647140,1,1,1
36,0,87788.3731416944,14,1,37.396200601945700,0,1,1
69,1,74931.29568055280,20,0,17.879305399844400,0,0,0
60,1,87787.93957566660,7,0,37.61285397438410,1,5,1
50,1,24024.25281951470,11,2,22.409083202711100,0,5,0
18,0,67898.35958915530,2,0,51.942370856784300,0,1,0
46,1,59820.75484116770,18,2,4.000351994513450,0,3,0
25,1,136978.33493934500,10,2,11.71625389085050,0,4,1
70,0,131563.01691043100,5,3,1.9392957685051200,0,2,0
45,0,72980.59403421600,3,1,23.34177838839420,0,3,0
20,0,73251.75633638020,19,3,57.90149859451090,1,5,1
68,0,28970.98703966610,13,1,36.60084852099450,1,2,0
29,0,77530.91692591690,10,1,56.03350551445960,0,3,0
66,1,56488.81801707670,13,3,30.957376959897200,0,3,1
54,0,121892.93198310200,10,1,48.524266715902400,0,3,1
69,0,116017.66955720300,9,4,1.0944700653927000,0,2,0
60,0,111906.9433692430,15,4,9.568276174999690,0,0,0
24,1,76365.76304223990,4,3,22.77026914680760,1,3,1
61,0,58943.538134003600,12,2,37.72017995691730,1,1,1
35,0,137813.0954677350,13,1,43.438735932481700,0,5,1
47,0,123287.02078379700,6,0,36.63130617607140,0,0,0
66,0,114751.9874950930,17,3,10.083831081323700,0,4,0
51,0,49383.769716080000,1,0,29.718311852786600,1,1,0
70,0,89340.26173949710,7,2,38.13599895590890,0,3,1
57,1,127579.92642369400,16,2,41.3435038525026,1,3,1
48,1,90290.80196383830,20,4,44.35079804211330,0,5,1
20,0,106292.65920282700,17,3,3.9973527916475900,0,4,1
29,1,21521.859395017500,3,0,33.853482986724200,0,2,0
58,1,82930.0190623262,14,2,12.851753628273500,0,4,0
52,0,46177.29167767670,7,1,38.35202246327810,0,4,0
70,0,106972.90385278400,4,3,42.44191658610590,1,2,0
33,0,142424.34251046000,3,1,23.642575020667100,0,0,0
57,1,40445.517063363,10,3,56.26301697049620,0,2,0
50,0,92885.81227410220,0,4,4.727802714753360,0,2,0
18,0,99007.77589285390,10,1,16.263599149132900,0,3,1
40,1,76472.43147085930,6,1,53.880611577663500,0,4,0
67,1,110466.88536194400,17,0,43.108669261925700,0,1,0
23,1,81595.27769173310,8,0,31.945533878919600,1,1,1
41,1,28095.50376464510,10,2,25.068331283702600,0,0,0
22,1,59164.48389880010,12,1,30.119075915777700,0,3,1
19,0,21019.406800349200,20,0,12.682178788145700,0,4,0
31,1,91982.49309654150,8,3,15.01167649936980,0,3,1
68,0,80311.22326948370,14,2,19.080097856464300,0,3,0
69,1,27975.45152438690,18,4,4.368565936568680,0,0,0
60,0,135733.54689231400,1,3,46.10952756180640,1,3,1
29,0,75955.56334172870,17,2,2.6207631882661100,0,4,1
62,0,70250.26588699360,16,0,39.09015649223870,0,5,1
42,1,133175.19525598100,15,4,5.759516276079470,0,5,0
55,0,101221.90216262200,14,2,39.347173791787500,1,5,1
33,1,105058.03180224500,19,0,36.858927877806300,1,0,1
54,1,30682.316771935600,18,1,28.01049102099320,1,2,0
22,1,113951.9045007700,2,0,18.655656736349500,0,1,0
29,0,112824.24378069100,20,4,53.43639654126610,0,4,1
35,1,97367.1177377386,14,2,40.06459772268260,0,1,1
24,0,125414.21553102900,11,4,19.450084413346000,0,4,1
39,0,34204.34734025080,17,3,27.13410963412800,0,5,0
49,0,95780.38738455420,18,0,21.860932294304200,1,2,1
32,1,35979.688200500400,11,1,43.85190652176030,0,4,1
55,0,81936.80822469290,6,1,56.94371189784100,1,4,1
68,0,80311.22326948370,14,2,19.080097856464300,0,3,0
21,1,120794.99955240800,10,0,7.630770005200020,0,2,0
28,1,141304.7330746630,0,1,17.35151676052820,0,1,0
41,0,116615.11583510800,19,2,32.15601677499270,0,1,0
22,0,55799.55265320440,9,4,54.27864453607590,1,1,1
19,0,26090.748108588400,0,2,53.58752220078090,0,4,0
18,1,83126.66095572170,20,3,2.2803056212569600,0,1,0
30,0,71611.95536083490,20,1,38.68168553110390,0,5,1
63,0,71874.59129351650,10,2,43.54624261077120,0,1,0
34,1,20418.37426855620,9,1,54.45995479214510,0,0,0
34,1,104649.18603461800,14,1,28.998116659354800,0,1,0
39,1,65048.14183385340,13,0,34.59074328252630,0,5,1
67,1,28775.331068896900,18,2,17.625707203046700,0,1,1
40,1,57363.247540525400,7,4,12.20603320759120,0,0,0
63,0,134021.77553236500,16,2,37.31163380268000,1,0,1
50,0,52625.66597423870,13,0,25.348016654369800,1,4,1